/*==============================================================*/
/* Nom de SGBD :  PostgreSQL 8                                  */
/* Date de création :  01/01/2001                               */
SET TIMEZONE = 'Europe/Paris';
/*==============================================================*/
DROP TABLE IF EXISTS ADRESSE CASCADE;
DROP TABLE IF EXISTS APPARTIENT_2 CASCADE;
DROP TABLE IF EXISTS A_3 CASCADE;
DROP TABLE IF EXISTS A_COMME_CATEGORIE CASCADE;
DROP TABLE IF EXISTS A_COMME_TYPE CASCADE;
DROP TABLE IF EXISTS CARTE_BANCAIRE CASCADE;
DROP TABLE IF EXISTS CATEGORIE_PRESTATION CASCADE;
DROP TABLE IF EXISTS CATEGORIE_PRODUIT CASCADE;
DROP TABLE IF EXISTS CLIENT CASCADE;
DROP TABLE IF EXISTS CODE_POSTAL CASCADE;
DROP TABLE IF EXISTS COMMANDE CASCADE;
DROP TABLE IF EXISTS CONTIENT_2 CASCADE;
DROP TABLE IF EXISTS COURSE CASCADE;
DROP TABLE IF EXISTS COURSIER CASCADE;
DROP TABLE IF EXISTS DEPARTEMENT CASCADE;
DROP TABLE IF EXISTS ENTREPRISE CASCADE;
DROP TABLE IF EXISTS ENTRETIEN CASCADE;
DROP TABLE IF EXISTS EST_SITUE_A_2 CASCADE;
DROP TABLE IF EXISTS ETABLISSEMENT CASCADE;
DROP TABLE IF EXISTS FACTURE CASCADE;
DROP TABLE IF EXISTS GESTION_ETABLISSEMENT CASCADE;
DROP TABLE IF EXISTS HORAIRES CASCADE;
DROP TABLE IF EXISTS HORAIRES_COURSIER CASCADE;
DROP TABLE IF EXISTS HORAIRES_LIVREUR CASCADE;
DROP TABLE IF EXISTS LIEU_FAVORI CASCADE;
DROP TABLE IF EXISTS LIVREUR CASCADE;
DROP TABLE IF EXISTS OTP CASCADE;
DROP TABLE IF EXISTS PANIER CASCADE;
DROP TABLE IF EXISTS PAYS CASCADE;
DROP TABLE IF EXISTS PLANNING_RESERVATION CASCADE;
DROP TABLE IF EXISTS PRODUIT CASCADE;
DROP TABLE IF EXISTS REGLEMENT_SALAIRE CASCADE;
DROP TABLE IF EXISTS RESERVATION CASCADE;
DROP TABLE IF EXISTS RESPONSABLE_ENSEIGNE CASCADE;
DROP TABLE IF EXISTS RESTAURATEUR CASCADE;
DROP TABLE IF EXISTS TYPE_PRESTATION CASCADE;
DROP TABLE IF EXISTS VEHICULE CASCADE;
DROP TABLE IF EXISTS VELO CASCADE;
DROP TABLE IF EXISTS VELO_RESERVATION CASCADE;
DROP TABLE IF EXISTS VILLE CASCADE;
/*==============================================================*/
/* Table : ADRESSE                                              */
/*==============================================================*/
CREATE TABLE ADRESSE (
    IDADRESSE INT4 NOT NULL,
    IDVILLE INT4 NULL,
    LIBELLEADRESSE VARCHAR(100) NOT NULL,
    CONSTRAINT PK_ADRESSE PRIMARY KEY (IDADRESSE)
);
/*==============================================================*/
/* Table : APPARTIENT_2                                         */
/*==============================================================*/
CREATE TABLE APPARTIENT_2 (
    IDCB INT4 NOT NULL,
    IDCLIENT INT4 NOT NULL,
    CONSTRAINT PK_APPARTIENT_2 PRIMARY KEY (IDCB, IDCLIENT)
);
/*==============================================================*/
/* Table : A_3                                                  */
/*==============================================================*/
CREATE TABLE A_3 (
    IDPRODUIT INT4 NOT NULL,
    IDCATEGORIE INT4 NOT NULL,
    CONSTRAINT PK_A_3 PRIMARY KEY (IDPRODUIT, IDCATEGORIE)
);
/*==============================================================*/
/* Table : A_COMME_TYPE                                         */
/*==============================================================*/
CREATE TABLE A_COMME_TYPE (
    IDVEHICULE INT4 NOT NULL,
    IDPRESTATION INT4 NOT NULL,
    CONSTRAINT PK_A_COMME_TYPE PRIMARY KEY (IDVEHICULE, IDPRESTATION)
);
/*==============================================================*/
/* Table : CARTE_BANCAIRE                                       */
/*==============================================================*/
CREATE TABLE CARTE_BANCAIRE (
    IDCB INT4 PRIMARY KEY,
    NUMEROCB NUMERIC(16, 0) NOT NULL UNIQUE,
    DATEEXPIRECB DATE NOT NULL,
    CONSTRAINT CK_CB_DATEEXPIRE CHECK (DATEEXPIRECB >= CURRENT_DATE),
    CRYPTOGRAMME NUMERIC(3, 0) NULL,
    TYPECARTE VARCHAR(30) NOT NULL,
    CONSTRAINT CK_TYPECARTE CHECK (TYPECARTE IN ('Crédit', 'Débit')),
    TYPERESEAUX VARCHAR(30) NOT NULL,
    CONSTRAINT CK_TYPERESEAUX CHECK (
        TYPERESEAUX IN ('Visa', 'MasterCard', 'Amex', 'Discover')
    )
);
/*==============================================================*/
/* Table : CATEGORIE_PRODUIT                                    */
/*==============================================================*/
CREATE TABLE CATEGORIE_PRODUIT (
    IDCATEGORIE INT4 NOT NULL,
    NOMCATEGORIE VARCHAR(100) NULL,
    CONSTRAINT PK_CATEGORIE_PRODUIT PRIMARY KEY (IDCATEGORIE)
);
/*==============================================================*/
/* Table : CLIENT                                               */
/*==============================================================*/
CREATE TABLE CLIENT (
    IDCLIENT INT4 NOT NULL,
    IDENTREPRISE INT4 NULL,
    IDADRESSE INT4 NULL,
    GENREUSER VARCHAR(20) NOT NULL,
    CONSTRAINT CK_CLIENT_GENRE CHECK (GENREUSER IN ('Monsieur', 'Madame')),
    NOMUSER VARCHAR(50) NOT NULL,
    PRENOMUSER VARCHAR(50) NOT NULL,
    DATENAISSANCE DATE NOT NULL,
    CONSTRAINT CK_DATE_NAISS CHECK (
        DATENAISSANCE <= CURRENT_DATE
        AND DATENAISSANCE <= CURRENT_DATE - INTERVAL '18 years'
    ),
    TELEPHONE VARCHAR(20) NOT NULL,
    CONSTRAINT CK_CLIENT_TEL CHECK (
        TELEPHONE ~ '^(06|07)[0-9]{8}$'
        OR TELEPHONE ~ '^\+?[1-9][0-9]{1,14}$'
    ),
    EMAILUSER VARCHAR(200) NOT NULL,
    CONSTRAINT UQ_CLIENT_MAIL UNIQUE (EMAILUSER),
    MOTDEPASSEUSER VARCHAR(200) NOT NULL,
    PHOTOPROFILE VARCHAR(300) NULL,
    SOUHAITERECEVOIRBONPLAN BOOL NULL,
    MFA_ACTIVEE BOOL DEFAULT FALSE,
    TYPECLIENT VARCHAR(20) NOT NULL,
    CONSTRAINT CK_TYPECLIENT CHECK (TYPECLIENT IN ('Uber', 'Uber Eats')),
    LAST_CONNEXION TIMESTAMP DEFAULT NOW(),
    DEMANDE_SUPPRESSION BOOL DEFAULT FALSE,
    CONSTRAINT PK_CLIENT PRIMARY KEY (IDCLIENT)
);
/*==============================================================*/
/* Table : OTP                                                  */
/*==============================================================*/
CREATE TABLE OTP (
    IDOTP INT4 NOT NULL,
    IDCLIENT INT4 NOT NULL,
    CODEOTP CHAR(6) NOT NULL,
    DATEGENERATION TIMESTAMP NOT NULL DEFAULT CURRENT_TIMESTAMP,
    DATEEXPIRATION TIMESTAMP NOT NULL,
    UTILISE BOOL DEFAULT FALSE,
    CONSTRAINT PK_OTP PRIMARY KEY (IDOTP)
);
/*==============================================================*/
/* Table : CODE_POSTAL                                          */
/*==============================================================*/
CREATE TABLE CODE_POSTAL (
    IDCODEPOSTAL INT4 NOT NULL,
    IDPAYS INT4 NULL,
    CODEPOSTAL CHAR(5) NOT NULL,
    CONSTRAINT UQ_CODEPOSTAL UNIQUE (CODEPOSTAL),
    CONSTRAINT PK_CODE_POSTAL PRIMARY KEY (IDCODEPOSTAL)
);
/*==============================================================*/
/* Table : COMMANDE                                             */
/*==============================================================*/
CREATE TABLE COMMANDE (
    IDCOMMANDE INT4 NOT NULL,
    IDPANIER INT4 NOT NULL,
    IDLIVREUR INT4 NULL,
    IDCB INT4 NULL,
    IDADRESSE INT4 NOT NULL,
    PRIXCOMMANDE DECIMAL(5, 2) NOT NULL,
    CONSTRAINT CK_COMMANDE_PRIX CHECK (PRIXCOMMANDE >= 0),
    TEMPSCOMMANDE INT4 NOT NULL,
    CONSTRAINT CK_TEMPS_COMMANDE CHECK (TEMPSCOMMANDE >= 0),
    HEURECREATION TIMESTAMP NOT NULL DEFAULT CURRENT_TIMESTAMP,
    HEURECOMMANDE TIMESTAMP NOT NULL,
    ESTLIVRAISON BOOL NOT NULL DEFAULT FALSE,
    STATUTCOMMANDE VARCHAR(40) NOT NULL,
    CONSTRAINT CK_STATUT_COMMANDE CHECK (
        STATUTCOMMANDE IN (
            'En attente de paiement',
            'Paiement validé',
            'En cours',
            'Livrée',
            'Annulée',
            'Refusée',
            'Remboursée'
        )
    ),
    REFUS_DEMANDEE BOOL NOT NULL DEFAULT FALSE,
    REMBOURSEMENT_EFFECTUE BOOL NOT NULL DEFAULT FALSE,
    CONSTRAINT PK_COMMANDE PRIMARY KEY (IDCOMMANDE)
);
/*==============================================================*/
/* Table : CONTIENT_2                                           */
/*==============================================================*/
CREATE TABLE CONTIENT_2 (
    IDPANIER INT4 NOT NULL,
    IDPRODUIT INT4 NOT NULL,
    IDETABLISSEMENT INT4 NOT NULL,
    QUANTITE INT4 NOT NULL DEFAULT 1,
    CONSTRAINT PK_CONTIENT_2 PRIMARY KEY (IDPANIER, IDPRODUIT)
);
/*==============================================================*/
/* Table : COURSE                                               */
/*==============================================================*/
CREATE TABLE COURSE (
    IDCOURSE INT4 NOT NULL,
    IDCOURSIER INT4 NULL,
    IDCB INT4 NOT NULL,
    IDADRESSE INT4 NOT NULL,
    IDRESERVATION INT4 NOT NULL,
    ADR_IDADRESSE INT4 NOT NULL,
    IDPRESTATION INT4 NOT NULL,
    DATECOURSE DATE NOT NULL,
    HEURECOURSE TIME NOT NULL,
    PRIXCOURSE NUMERIC(8, 2) NOT NULL,
    CONSTRAINT CK_COURSE_PRIX CHECK (PRIXCOURSE >= 0),
    STATUTCOURSE VARCHAR(20) NOT NULL,
    CONSTRAINT CK_COURSE_STATUT CHECK (
        STATUTCOURSE IN ('En attente', 'En cours', 'Terminée', 'Annulée')
    ),
    NOTECOURSE NUMERIC(2, 1) NULL,
    CONSTRAINT CK_COURSE_NOTE CHECK (
        NOTECOURSE BETWEEN 0 AND 5
        OR NOTECOURSE IS NULL
    ),
    COMMENTAIRECOURSE VARCHAR(1500) NULL,
    POURBOIRE NUMERIC(8, 2) NULL,
    CONSTRAINT CK_COURSE_POURBOIRE CHECK (
        POURBOIRE IS NULL
        OR POURBOIRE >= 0
    ),
    DISTANCE NUMERIC(8, 2) NULL,
    CONSTRAINT CK_COURSE_DISTANCE CHECK (
        DISTANCE IS NULL
        OR DISTANCE >= 0
    ),
    TEMPS INT NULL,
    CONSTRAINT CK_COURSE_TEMPS CHECK (
        TEMPS IS NULL
        OR TEMPS >= 0
    ),
    CONSTRAINT CK_COURSE_NOTE_IS_NULL CHECK (
        STATUTCOURSE <> 'Terminée'
        AND NOTECOURSE IS NULL
        OR STATUTCOURSE = 'Terminée'
    ),
    CONSTRAINT PK_COURSE PRIMARY KEY (IDCOURSE)
);
/*==============================================================*/
/* Table : COURSIER                                             */
/*==============================================================*/
CREATE TABLE COURSIER (
    IDCOURSIER INT4 NOT NULL,
    IDENTREPRISE INT4 NOT NULL,
    IDADRESSE INT4 NULL,
    GENREUSER VARCHAR(20) NOT NULL,
    CONSTRAINT CK_COURSIER_GENRE CHECK (GENREUSER IN ('Monsieur', 'Madame')),
    NOMUSER VARCHAR(50) NOT NULL,
    PRENOMUSER VARCHAR(50) NOT NULL,
    DATENAISSANCE DATE NOT NULL,
    CONSTRAINT CK_COURSIER_DATE CHECK (
        DATENAISSANCE <= CURRENT_DATE
        AND DATENAISSANCE <= CURRENT_DATE - INTERVAL '18 years'
    ),
    TELEPHONE VARCHAR(20) NOT NULL,
    CONSTRAINT CK_COURSIER_TEL CHECK (
        TELEPHONE ~ '^(06|07)[0-9]{8}$'
        OR TELEPHONE ~ '^\+?[1-9][0-9]{1,14}$'
    ),
    EMAILUSER VARCHAR(200) NOT NULL,
    CONSTRAINT UQ_COURSIER_MAIL UNIQUE (EMAILUSER),
    MOTDEPASSEUSER VARCHAR(200) NOT NULL,
    NUMEROCARTEVTC CHAR(12) NOT NULL,
    CONSTRAINT CK_COURSIER_NUMCARTE_SIZE CHECK (LENGTH(NUMEROCARTEVTC) = 12),
    CONSTRAINT UQ_COURSIER_NUMCARTE UNIQUE (NUMEROCARTEVTC),
    IBAN VARCHAR(30) NULL,
    CONSTRAINT UQ_COURSIER_IBAN UNIQUE (IBAN),
    DATEDEBUTACTIVITE DATE NULL,
    NOTEMOYENNE NUMERIC(2, 1) NULL,
    CONSTRAINT CK_COURSIER_NOTE CHECK (
        NOTEMOYENNE >= 1
        AND NOTEMOYENNE <= 5
        OR NULL
    ),
    CONSTRAINT PK_COURSIER PRIMARY KEY (IDCOURSIER)
);
/*==============================================================*/
/* Table : DEPARTEMENT                                          */
/*==============================================================*/
CREATE TABLE DEPARTEMENT (
    IDDEPARTEMENT INT4 NOT NULL,
    IDPAYS INT4 NOT NULL,
    CODEDEPARTEMENT CHAR(3) NULL,
    LIBELLEDEPARTEMENT VARCHAR(50) NULL,
    CONSTRAINT PK_DEPARTEMENT PRIMARY KEY (IDDEPARTEMENT)
);
/*==============================================================*/
/* Table : ENTREPRISE                                           */
/*==============================================================*/
CREATE TABLE ENTREPRISE (
    IDENTREPRISE INT4 NOT NULL,
    IDADRESSE INT4 NOT NULL,
    SIRETENTREPRISE VARCHAR(20) NOT NULL,
    CONSTRAINT CK_SIRET_ENTREPRISE CHECK (SIRETENTREPRISE ~ '^[0-9]{14}$'),
    NOMENTREPRISE VARCHAR(50) NOT NULL,
    TAILLE VARCHAR(30) NOT NULL,
    CONSTRAINT CK_ENTREPRISE_TAILLE CHECK (TAILLE IN ('PME', 'ETI', 'GE')),
    CONSTRAINT PK_ENTREPRISE PRIMARY KEY (IDENTREPRISE)
);
/*==============================================================*/
/* Table : ENTRETIEN                                            */
/*==============================================================*/
CREATE TABLE ENTRETIEN (
    IDENTRETIEN INT4 NOT NULL,
    IDCOURSIER INT4 NOT NULL,
    DATEENTRETIEN TIMESTAMP NULL,
    STATUS VARCHAR(20) NOT NULL DEFAULT 'En attente',
    RESULTAT VARCHAR(20) NULL,
    RDVLOGISTIQUEDATE TIMESTAMP NULL,
    RDVLOGISTIQUELIEU VARCHAR(255) NULL,
    /* CONSTRAINT CK_DATEENTRETIEN CHECK (
     DATEENTRETIEN >= CURRENT_DATE
     OR DATEENTRETIEN IS NULL
     ), */
    CONSTRAINT CK_STATUS_ENTRETIEN CHECK (
        STATUS IN ('En attente', 'Planifié', 'Terminée', 'Annulée')
    ),
    CONSTRAINT CK_RESULTAT_ENTRETIEN CHECK (
        RESULTAT IN ('Retenu', 'Rejeté')
        OR RESULTAT IS NULL
    ),
    /*     CONSTRAINT CK_RDVLOGISTIQUEDATE CHECK (
     RDVLOGISTIQUEDATE >= CURRENT_DATE
     OR RDVLOGISTIQUEDATE IS NULL
     ), */
    CONSTRAINT PK_ENTRETIEN PRIMARY KEY (IDENTRETIEN)
);
/*==============================================================*/
/* Table : EST_SITUE_A_2                                        */
/*==============================================================*/
CREATE TABLE EST_SITUE_A_2 (
    IDPRODUIT INT4 NOT NULL,
    IDETABLISSEMENT INT4 NOT NULL,
    CONSTRAINT PK_EST_SITUE_A_2 PRIMARY KEY (IDPRODUIT, IDETABLISSEMENT)
);
/*==============================================================*/
/* Table : ETABLISSEMENT                                        */
/*==============================================================*/
CREATE TABLE ETABLISSEMENT (
    IDETABLISSEMENT INT4 NOT NULL,
    IDRESTAURATEUR INT4 NOT NULL,
    TYPEETABLISSEMENT VARCHAR(50) NOT NULL,
    CONSTRAINT CK_TYPEETABLISSEMENT CHECK (TYPEETABLISSEMENT IN ('Restaurant', 'Épicerie')),
    IDADRESSE INT4 NOT NULL,
    NOMETABLISSEMENT VARCHAR(50) NULL,
    DESCRIPTION VARCHAR(1500) NULL,
    IMAGEETABLISSEMENT VARCHAR(200) NULL,
    LIVRAISON BOOL NULL,
    AEMPORTER BOOL NULL,
    CONSTRAINT PK_ETABLISSEMENT PRIMARY KEY (IDETABLISSEMENT)
);
/*==============================================================*/
/* Table : HORAIRES                                             */
/*==============================================================*/
CREATE TABLE HORAIRES (
    IDHORAIRES INT4 NOT NULL,
    IDETABLISSEMENT INT4 NOT NULL,
    JOURSEMAINE VARCHAR(9) NOT NULL,
    HORAIRESOUVERTURE TIME WITH TIME ZONE NULL,
    HORAIRESFERMETURE TIME WITH TIME ZONE NULL,
    CONSTRAINT PK_HORAIRES PRIMARY KEY (IDHORAIRES),
    CONSTRAINT CK_JOURSEMAINE CHECK (
        JOURSEMAINE IN (
            'Lundi',
            'Mardi',
            'Mercredi',
            'Jeudi',
            'Vendredi',
            'Samedi',
            'Dimanche'
        )
    )
);
/*==============================================================*/
/* Table : HORAIRES_COURSIER                                    */
/*==============================================================*/
CREATE TABLE HORAIRES_COURSIER (
    IDHORAIRES_COURSIER INT4 NOT NULL,
    IDCOURSIER INT4 NOT NULL,
    JOURSEMAINE VARCHAR(9) NOT NULL,
    HEUREDEBUT TIME WITH TIME ZONE NULL,
    HEUREFIN TIME WITH TIME ZONE NULL,
    CONSTRAINT PK_HORAIRES_COURSIER PRIMARY KEY (IDHORAIRES_COURSIER),
    CONSTRAINT CK_JOURSEMAINE CHECK (
        JOURSEMAINE IN (
            'Lundi',
            'Mardi',
            'Mercredi',
            'Jeudi',
            'Vendredi',
            'Samedi',
            'Dimanche'
        )
    )
);
/*==============================================================*/
/* Table : HORAIRES_LIVREUR                                     */
/*==============================================================*/
CREATE TABLE HORAIRES_LIVREUR (
    IDHORAIRES_LIVREUR INT4 NOT NULL,
    IDLIVREUR INT4 NOT NULL,
    JOURSEMAINE VARCHAR(9) NOT NULL,
    HEUREDEBUT TIME WITH TIME ZONE NULL,
    HEUREFIN TIME WITH TIME ZONE NULL,
    CONSTRAINT PK_HORAIRES_LIVREUR PRIMARY KEY (IDHORAIRES_LIVREUR),
    CONSTRAINT CK_JOURSEMAINE CHECK (
        JOURSEMAINE IN (
            'Lundi',
            'Mardi',
            'Mercredi',
            'Jeudi',
            'Vendredi',
            'Samedi',
            'Dimanche'
        )
    )
);
/*==============================================================*/
/* Table : FACTURE                                              */
/*==============================================================*/
CREATE TABLE FACTURE (
    IDFACTURE INT4 NOT NULL,
    IDRESERVATION INT4 NULL,
    IDCOMMANDE INT4 NULL,
    IDPAYS INT4 NOT NULL,
    IDCLIENT INT4 NOT NULL,
    MONTANTREGLEMENT NUMERIC(5, 2) NULL,
    DATEFACTURE DATE NULL,
    CONSTRAINT CK_FACTURE_DATE CHECK (DATEFACTURE <= CURRENT_DATE),
    QUANTITE INT4 NULL,
    CONSTRAINT PK_FACTURE PRIMARY KEY (IDFACTURE)
);
/*==============================================================*/
/* Table : LIEU_FAVORI                                          */
/*==============================================================*/
CREATE TABLE LIEU_FAVORI (
    IDLIEUFAVORI INT4 NOT NULL,
    IDCLIENT INT4 NOT NULL,
    IDADRESSE INT4 NOT NULL,
    NOMLIEU VARCHAR(100) NOT NULL,
    CONSTRAINT PK_LIEU_FAVORI PRIMARY KEY (IDLIEUFAVORI)
);
/*==============================================================*/
/* Table : LIVREUR                                              */
/*==============================================================*/
CREATE TABLE LIVREUR (
    IDLIVREUR INT4 NOT NULL,
    IDENTREPRISE INT4 NOT NULL,
    IDADRESSE INT4 NULL,
    GENREUSER VARCHAR(20) NOT NULL,
    CONSTRAINT CK_LIVREUR_GENRE CHECK (GENREUSER IN ('Monsieur', 'Madame')),
    NOMUSER VARCHAR(50) NOT NULL,
    PRENOMUSER VARCHAR(50) NOT NULL,
    DATENAISSANCE DATE NOT NULL,
    CONSTRAINT CK_LIVREUR_DATE CHECK (
        DATENAISSANCE <= CURRENT_DATE
        AND DATENAISSANCE <= CURRENT_DATE - INTERVAL '18 years'
    ),
    TELEPHONE VARCHAR(20) NOT NULL,
    CONSTRAINT CK_LIVREUR_TEL CHECK (
        TELEPHONE ~ '^(06|07)[0-9]{8}$'
        OR TELEPHONE ~ '^\+?[1-9][0-9]{1,14}$'
    ),
    EMAILUSER VARCHAR(200) NOT NULL,
    CONSTRAINT UQ_LIVREUR_MAIL UNIQUE (EMAILUSER),
    MOTDEPASSEUSER VARCHAR(200) NOT NULL,
    IBAN VARCHAR(30) NULL,
    CONSTRAINT UQ_LIVREUR_IBAN UNIQUE (IBAN),
    DATEDEBUTACTIVITE DATE NULL,
    NOTEMOYENNE NUMERIC(2, 1) NULL,
    CONSTRAINT CK_LIVREUR_NOTE CHECK (
        NOTEMOYENNE >= 1
        AND NOTEMOYENNE <= 5
        OR NOTEMOYENNE IS NULL
    ),
    CONSTRAINT PK_LIVREUR PRIMARY KEY (IDLIVREUR)
);
/*==============================================================*/
/* Table : PANIER                                               */
/*==============================================================*/
CREATE TABLE PANIER (
    IDPANIER INT4 NOT NULL,
    IDCLIENT INT4 NOT NULL,
    PRIX DECIMAL(5, 2) NULL,
    CONSTRAINT CK_PANIER_PRIX CHECK (PRIX >= 0),
    CONSTRAINT PK_PANIER PRIMARY KEY (IDPANIER)
);
/*==============================================================*/
/* Table : PAYS                                                 */
/*==============================================================*/
CREATE TABLE PAYS (
    IDPAYS INT4 NOT NULL,
    NOMPAYS VARCHAR(50) NOT NULL,
    POURCENTAGETVA NUMERIC(4, 2) NULL,
    CONSTRAINT UQ_NOMPAYS UNIQUE (NOMPAYS),
    CONSTRAINT CK_TVA CHECK (
        POURCENTAGETVA >= 0
        AND POURCENTAGETVA < 100
    ),
    CONSTRAINT PK_PAYS PRIMARY KEY (IDPAYS)
);
/*==============================================================*/
/* Table : PLANNING_RESERVATION                                 */
/*==============================================================*/
CREATE TABLE PLANNING_RESERVATION (
    IDPLANNING INT4 NOT NULL,
    IDCLIENT INT4 NOT NULL,
    CONSTRAINT PK_PLANNING_RESERVATION PRIMARY KEY (IDPLANNING)
);
/*==============================================================*/
/* Table : PRODUIT                                              */
/*==============================================================*/
CREATE TABLE PRODUIT (
    IDPRODUIT INT4 NOT NULL,
    NOMPRODUIT VARCHAR(200) NULL,
    PRIXPRODUIT NUMERIC(5, 2) NULL,
    CONSTRAINT CK_PRODUIT_PRIX CHECK (PRIXPRODUIT > 0),
    IMAGEPRODUIT VARCHAR(300) NULL,
    DESCRIPTION VARCHAR(1500) NULL,
    CONSTRAINT PK_PRODUIT PRIMARY KEY (IDPRODUIT)
);
/*==============================================================*/
/* Table : REGLEMENT_SALAIRE                                    */
/*==============================================================*/
CREATE TABLE REGLEMENT_SALAIRE (
    IDREGLEMENT INT4 NOT NULL,
    IDCOURSIER INT4 NOT NULL,
    MONTANTREGLEMENT NUMERIC(6, 2) NULL,
    CONSTRAINT CK_SALAIRE_MNT CHECK (MONTANTREGLEMENT >= 0),
    CONSTRAINT PK_REGLEMENT_SALAIRE PRIMARY KEY (IDREGLEMENT)
);
/*==============================================================*/
/* Table : RESERVATION                                          */
/*==============================================================*/
CREATE TABLE RESERVATION (
    IDRESERVATION INT4 NOT NULL,
    IDCLIENT INT4 NOT NULL,
    IDPLANNING INT4 NOT NULL,
    IDVELO INT4 NULL,
    DATERESERVATION DATE NULL,
    CONSTRAINT CK_RESERVATION_DATE CHECK (DATERESERVATION <= CURRENT_DATE),
    HEURERESERVATION TIME NULL,
    POURQUI VARCHAR(100) NULL,
    CONSTRAINT PK_RESERVATION PRIMARY KEY (IDRESERVATION)
);
/*==============================================================*/
/* Table : RESPONSABLE_ENSEIGNE                                 */
/*==============================================================*/
CREATE TABLE RESPONSABLE_ENSEIGNE (
    IDRESPONSABLE INT4 NOT NULL,
    NOMUSER VARCHAR(50) NOT NULL,
    PRENOMUSER VARCHAR(50) NOT NULL,
    TELEPHONE VARCHAR(20) NOT NULL,
    CONSTRAINT CK_RESPONSABLE_TEL CHECK (
        TELEPHONE ~ '^(06|07)[0-9]{8}$'
        OR TELEPHONE ~ '^\+?[1-9][0-9]{1,14}$'
    ),
    EMAILUSER VARCHAR(200) NOT NULL,
    CONSTRAINT UQ_RESPONSABLE_EMAIL UNIQUE (EMAILUSER),
    MOTDEPASSEUSER VARCHAR(200) NOT NULL,
    CONSTRAINT PK_RESPONSABLE_ENSEIGNE PRIMARY KEY (IDRESPONSABLE)
);
/*==============================================================*/
/* Table : RESTAURATEUR                                         */
/*==============================================================*/
CREATE TABLE RESTAURATEUR (
    IDRESTAURATEUR INT4 NOT NULL,
    NOMUSER VARCHAR(50) NOT NULL,
    PRENOMUSER VARCHAR(50) NOT NULL,
    TELEPHONE VARCHAR(20) NOT NULL,
    CONSTRAINT CK_RESTAURATEUR_TEL CHECK (
        TELEPHONE ~ '^(06|07)[0-9]{8}$'
        OR TELEPHONE ~ '^\+?[1-9][0-9]{1,14}$'
    ),
    EMAILUSER VARCHAR(200) NOT NULL,
    CONSTRAINT UQ_RESTAURATEUR_MAIL UNIQUE (EMAILUSER),
    MOTDEPASSEUSER VARCHAR(200) NOT NULL,
    ROLE VARCHAR(50) DEFAULT 'Gérant',
    CONSTRAINT PK_RESTAURATEUR PRIMARY KEY (IDRESTAURATEUR)
);
/*==============================================================*/
/* Table : GESTION_ETABLISSEMENT                                */
/*==============================================================*/
CREATE TABLE GESTION_ETABLISSEMENT (
    IDGESTION INT4 NOT NULL,
    IDETABLISSEMENT INT4 NOT NULL,
    IDRESPONSABLE INT4 NOT NULL,
    CONSTRAINT PK_GESTION_ETABLISSEMENT PRIMARY KEY (IDGESTION)
);
/*==============================================================*/
/* Table : TYPE_PRESTATION                                      */
/*==============================================================*/
CREATE TABLE TYPE_PRESTATION (
    IDPRESTATION INT4 NOT NULL,
    LIBELLEPRESTATION VARCHAR(50) NULL,
    DESCRIPTIONPRESTATION VARCHAR(500) NULL,
    IMAGEPRESTATION VARCHAR(300) NULL,
    CONSTRAINT PK_TYPE_PRESTATION PRIMARY KEY (IDPRESTATION)
);
/*==============================================================*/
/* Table : CATEGORIE_PRESTATION                                 */
/*==============================================================*/
CREATE TABLE CATEGORIE_PRESTATION (
    IDCATEGORIEPRESTATION INT4 NOT NULL,
    LIBELLECATEGORIEPRESTATION VARCHAR(50) NULL,
    DESCRIPTIONCATEGORIEPRESTATION VARCHAR(500) NULL,
    IMAGECATEGORIEPRESTATION VARCHAR(300) NULL,
    CONSTRAINT PK_CATEGORIE_PRESTATION PRIMARY KEY (IDCATEGORIEPRESTATION)
);
/*==============================================================*/
/* Table : A_COMME_CATEGORIE                                    */
/*==============================================================*/
CREATE TABLE A_COMME_CATEGORIE (
    IDCATEGORIEPRESTATION INT4 NOT NULL,
    IDETABLISSEMENT INT4 NOT NULL,
    CONSTRAINT PK_A_COMME_CATEGORIE PRIMARY KEY (IDCATEGORIEPRESTATION, IDETABLISSEMENT)
);
/*==============================================================*/
/* Table : VEHICULE                                             */
/*==============================================================*/
CREATE TABLE VEHICULE (
    IDVEHICULE INT4 NOT NULL,
    IDCOURSIER INT4 NOT NULL,
    IMMATRICULATION CHAR(9) NOT NULL,
    CONSTRAINT CK_VEHICULE_IMMATRICULATION CHECK (IMMATRICULATION ~ '^[A-Z]{2}-[0-9]{3}-[A-Z]{2}$'),
    CONSTRAINT UQ_VEHICULE_IMMATRICULATION UNIQUE (IMMATRICULATION),
    MARQUE VARCHAR(50) NULL,
    MODELE VARCHAR(50) NULL,
    CAPACITE INT4 NULL,
    CONSTRAINT CK_VEHICULE_CAPACITE CHECK (
        CAPACITE BETWEEN 2 AND 7
    ),
    ACCEPTEANIMAUX BOOL NOT NULL,
    ESTELECTRIQUE BOOL NOT NULL,
    ESTCONFORTABLE BOOL NOT NULL,
    ESTRECENT BOOL NOT NULL,
    ESTLUXUEUX BOOL NOT NULL,
    COULEUR VARCHAR(20) NULL,
    STATUSPROCESSUSLOGISTIQUE VARCHAR(50) NOT NULL DEFAULT 'En attente',
    CONSTRAINT CK_STATUS_VEHICULE CHECK (
        STATUSPROCESSUSLOGISTIQUE IN (
            'En attente',
            'Validé',
            'Refusé',
            'Modifications demandées'
        )
    ),
    DEMANDEMODIFICATION TEXT NULL,
    DEMANDEMODIFICATIONEFFECTUE BOOL NOT NULL DEFAULT FALSE,
    CONSTRAINT PK_VEHICULE PRIMARY KEY (IDVEHICULE)
);
/*==============================================================*/
/* Table : VELO                                                 */
/*==============================================================*/
CREATE TABLE VELO (
    IDVELO INT4 NOT NULL,
    IDADRESSE INT4 NOT NULL,
    NUMEROVELO INT4 NOT NULL,
    CONSTRAINT UQ_VELO_NUMERO UNIQUE (NUMEROVELO),
    ESTDISPONIBLE BOOL NOT NULL,
    CONSTRAINT PK_VELO PRIMARY KEY (IDVELO)
);
/*==============================================================*/
/* Table : VELO_RESERVATION                                     */
/*==============================================================*/
CREATE TABLE VELO_RESERVATION (
    IDRESERVATION INT4 NOT NULL,
    IDVELO INT4 NOT NULL,
    DUREERESERVATION INT4 NOT NULL,
    PRIXRESERVATION DECIMAL(8, 2) NOT NULL,
    CONSTRAINT PK_VELO_RESERVATION PRIMARY KEY (IDRESERVATION, IDVELO)
);
/*==============================================================*/
/* Table : VILLE                                                */
/*==============================================================*/
CREATE TABLE VILLE (
    IDVILLE INT4 NOT NULL,
    IDPAYS INT4 NULL,
    IDCODEPOSTAL INT4 NULL,
    NOMVILLE VARCHAR(50) NOT NULL,
    CONSTRAINT PK_VILLE PRIMARY KEY (IDVILLE)
);
------------------------------------------------------------------------------------------------------------------------------------------------------
/*==============================================================*/
/* Contraintes de clés étrangères                               */
/*==============================================================*/
/* Relation ADRESSE - VILLE */
ALTER TABLE ADRESSE
ADD CONSTRAINT FK_ADRESSE_VILLE FOREIGN KEY (IDVILLE) REFERENCES VILLE (IDVILLE) ON DELETE RESTRICT ON UPDATE RESTRICT;
/* Relation APPARTIENT_2 - CARTE_BANCAIRE */
ALTER TABLE APPARTIENT_2
ADD CONSTRAINT FK_APPARTIENT2_CARTE_BANCAIRE FOREIGN KEY (IDCB) REFERENCES CARTE_BANCAIRE (IDCB) ON DELETE RESTRICT ON UPDATE RESTRICT;
/* Relation APPARTIENT_2 - CLIENT */
ALTER TABLE APPARTIENT_2
ADD CONSTRAINT FK_APPARTIENT2_CLIENT FOREIGN KEY (IDCLIENT) REFERENCES CLIENT (IDCLIENT) ON DELETE RESTRICT ON UPDATE RESTRICT;
/* Relation A_3 - PRODUIT */
ALTER TABLE A_3
ADD CONSTRAINT FK_A3_PRODUIT FOREIGN KEY (IDPRODUIT) REFERENCES PRODUIT (IDPRODUIT) ON DELETE RESTRICT ON UPDATE RESTRICT;
/* Relation A_3 - CATEGORIE_PRODUIT */
ALTER TABLE A_3
ADD CONSTRAINT FK_A3_CATEGORIE_PRODUIT FOREIGN KEY (IDCATEGORIE) REFERENCES CATEGORIE_PRODUIT (IDCATEGORIE) ON DELETE RESTRICT ON UPDATE RESTRICT;
/* Relation A_COMME_TYPE - VEHICULE */
ALTER TABLE A_COMME_TYPE
ADD CONSTRAINT FK_A_COMME_TYPE_VEHICULE FOREIGN KEY (IDVEHICULE) REFERENCES VEHICULE (IDVEHICULE) ON DELETE RESTRICT ON UPDATE RESTRICT;
/* Relation A_COMME_TYPE - TYPE_PRESTATION */
ALTER TABLE A_COMME_TYPE
ADD CONSTRAINT FK_A_COMME_TYPE_TYPE_PRESTATION FOREIGN KEY (IDPRESTATION) REFERENCES TYPE_PRESTATION (IDPRESTATION) ON DELETE RESTRICT ON UPDATE RESTRICT;
/* Relation CLIENT - ENTREPRISE */
ALTER TABLE CLIENT
ADD CONSTRAINT FK_CLIENT_ENTREPRISE FOREIGN KEY (IDENTREPRISE) REFERENCES ENTREPRISE (IDENTREPRISE) ON DELETE RESTRICT ON UPDATE RESTRICT;
/* Relation CLIENT - ADRESSE */
ALTER TABLE CLIENT
ADD CONSTRAINT FK_CLIENT_ADRESSE FOREIGN KEY (IDADRESSE) REFERENCES ADRESSE (IDADRESSE) ON DELETE RESTRICT ON UPDATE RESTRICT;
/* Relation CODE_POSTAL - PAYS */
ALTER TABLE CODE_POSTAL
ADD CONSTRAINT FK_CODE_POSTAL_PAYS FOREIGN KEY (IDPAYS) REFERENCES PAYS (IDPAYS) ON DELETE RESTRICT ON UPDATE RESTRICT;
/* Relation COMMANDE - LIVREUR */
ALTER TABLE COMMANDE
ADD CONSTRAINT FK_COMMANDE_LIVREUR FOREIGN KEY (IDLIVREUR) REFERENCES LIVREUR (IDLIVREUR) ON DELETE RESTRICT ON UPDATE RESTRICT;
/* Relation COMMANDE - PANIER */
ALTER TABLE COMMANDE
ADD CONSTRAINT FK_COMMANDE_PANIER FOREIGN KEY (IDPANIER) REFERENCES PANIER (IDPANIER) ON DELETE RESTRICT ON UPDATE RESTRICT;
/* Relation CONTIENT_2 - PANIER */
ALTER TABLE CONTIENT_2
ADD CONSTRAINT FK_CONTIENT2_PANIER FOREIGN KEY (IDPANIER) REFERENCES PANIER (IDPANIER) ON DELETE RESTRICT ON UPDATE RESTRICT;
/* Relation CONTIENT_2 - PRODUIT */
ALTER TABLE CONTIENT_2
ADD CONSTRAINT FK_CONTIENT2_PRODUIT FOREIGN KEY (IDPRODUIT) REFERENCES PRODUIT (IDPRODUIT) ON DELETE RESTRICT ON UPDATE RESTRICT;
/* Relation CONTIENT_2 - ETABLISSEMENT */
ALTER TABLE CONTIENT_2
ADD CONSTRAINT FK_CONTIENT2_ETABLISSEMENT FOREIGN KEY (IDETABLISSEMENT) REFERENCES ETABLISSEMENT (IDETABLISSEMENT) ON DELETE RESTRICT ON UPDATE RESTRICT;
/* Relation COURSE - TYPE_PRESTATION */
ALTER TABLE COURSE
ADD CONSTRAINT FK_COURSE_TYPE_PRESTATION FOREIGN KEY (IDPRESTATION) REFERENCES TYPE_PRESTATION (IDPRESTATION) ON DELETE RESTRICT ON UPDATE RESTRICT;
/* Relation COURSE - RESERVATION */
ALTER TABLE COURSE
ADD CONSTRAINT FK_COURSE_RESERVATION FOREIGN KEY (IDRESERVATION) REFERENCES RESERVATION (IDRESERVATION) ON DELETE RESTRICT ON UPDATE RESTRICT;
/* Relation COURSE - ADRESSE (Départ) */
ALTER TABLE COURSE
ADD CONSTRAINT FK_COURSE_ADRESSE_DEPART FOREIGN KEY (ADR_IDADRESSE) REFERENCES ADRESSE (IDADRESSE) ON DELETE RESTRICT ON UPDATE RESTRICT;
/* Relation COURSE - ADRESSE (Arrivée) */
ALTER TABLE COURSE
ADD CONSTRAINT FK_COURSE_ADRESSE_ARRIVEE FOREIGN KEY (IDADRESSE) REFERENCES ADRESSE (IDADRESSE) ON DELETE RESTRICT ON UPDATE RESTRICT;
/* Relation COURSE - CARTE_BANCAIRE */
ALTER TABLE COURSE
ADD CONSTRAINT FK_COURSE_CARTE_BANCAIRE FOREIGN KEY (IDCB) REFERENCES CARTE_BANCAIRE (IDCB) ON DELETE RESTRICT ON UPDATE RESTRICT;
/* Relation COURSE - COURSIER */
ALTER TABLE COURSE
ADD CONSTRAINT FK_COURSE_COURSIER FOREIGN KEY (IDCOURSIER) REFERENCES COURSIER (IDCOURSIER) ON DELETE RESTRICT ON UPDATE RESTRICT;
/* Relation COURSIER - ENTREPRISE */
ALTER TABLE COURSIER
ADD CONSTRAINT FK_COURSIER_ENTREPRISE FOREIGN KEY (IDENTREPRISE) REFERENCES ENTREPRISE (IDENTREPRISE) ON DELETE RESTRICT ON UPDATE RESTRICT;
/* Relation COURSIER - ADRESSE */
ALTER TABLE COURSIER
ADD CONSTRAINT FK_COURSIER_ADRESSE FOREIGN KEY (IDADRESSE) REFERENCES ADRESSE (IDADRESSE) ON DELETE RESTRICT ON UPDATE RESTRICT;
/* Relation DEPARTEMENT - PAYS */
ALTER TABLE DEPARTEMENT
ADD CONSTRAINT FK_DEPARTEMENT_PAYS FOREIGN KEY (IDPAYS) REFERENCES PAYS (IDPAYS) ON DELETE RESTRICT ON UPDATE RESTRICT;
/* Relation ETABLISSEMENT - RESTAURATEUR */
ALTER TABLE ETABLISSEMENT
ADD CONSTRAINT FK_ETABLISSEMENT_RESTAURATEUR FOREIGN KEY (IDRESTAURATEUR) REFERENCES RESTAURATEUR (IDRESTAURATEUR) ON DELETE CASCADE;
/* Relation ETABLISSEMENT - ADRESSE */
ALTER TABLE ETABLISSEMENT
ADD CONSTRAINT FK_ETABLISSEMENT_ADRESSE FOREIGN KEY (IDADRESSE) REFERENCES ADRESSE (IDADRESSE) ON DELETE RESTRICT ON UPDATE RESTRICT;
/* Relation GESTION_ETABLISSEMENT - ETABLISSEMENT */
ALTER TABLE GESTION_ETABLISSEMENT
ADD CONSTRAINT FK_GESTION_ETABLISSEMENT FOREIGN KEY (IDETABLISSEMENT) REFERENCES ETABLISSEMENT (IDETABLISSEMENT) ON DELETE CASCADE;
/* Relation GESTION_ETABLISSEMENT - RESPONSABLE */
ALTER TABLE GESTION_ETABLISSEMENT
ADD CONSTRAINT FK_GESTION_RESPONSABLE FOREIGN KEY (IDRESPONSABLE) REFERENCES RESPONSABLE_ENSEIGNE (IDRESPONSABLE) ON DELETE CASCADE;
/* Relation ENTREPRISE - ADRESSE */
ALTER TABLE ENTREPRISE
ADD CONSTRAINT FK_ENTREPRISE_ADRESSE FOREIGN KEY (IDADRESSE) REFERENCES ADRESSE (IDADRESSE) ON DELETE RESTRICT ON UPDATE RESTRICT;
/* Relation ENTRETIEN - COURSIER */
ALTER TABLE ENTRETIEN
ADD CONSTRAINT FK_ENTRETIEN_COURSIER FOREIGN KEY (IDCOURSIER) REFERENCES COURSIER (IDCOURSIER) ON DELETE RESTRICT ON UPDATE RESTRICT;
ALTER TABLE EST_SITUE_A_2
ADD CONSTRAINT FK_EST_SITUE2_PRODUIT FOREIGN KEY (IDPRODUIT) REFERENCES PRODUIT (IDPRODUIT) ON DELETE RESTRICT ON UPDATE RESTRICT;
ALTER TABLE EST_SITUE_A_2
ADD CONSTRAINT FK_EST_SITUE2_ETABLISSEMENT FOREIGN KEY (IDETABLISSEMENT) REFERENCES ETABLISSEMENT (IDETABLISSEMENT) ON DELETE RESTRICT ON UPDATE RESTRICT;
/* Relation ETABLISSEMENT - A_COMME_CATEGORIE */
ALTER TABLE A_COMME_CATEGORIE
ADD CONSTRAINT FK_A_COMME_CATEGORIE_ETABLISSEMENT FOREIGN KEY (IDETABLISSEMENT) REFERENCES ETABLISSEMENT (IDETABLISSEMENT) ON DELETE RESTRICT ON UPDATE RESTRICT;
/* Relation CATEGORIE_PRESTATION - A_COMME_CATEGORIE */
ALTER TABLE A_COMME_CATEGORIE
ADD CONSTRAINT FK_A_COMME_CATEGORIE_CATEGORIE FOREIGN KEY (IDCATEGORIEPRESTATION) REFERENCES CATEGORIE_PRESTATION (IDCATEGORIEPRESTATION) ON DELETE RESTRICT ON UPDATE RESTRICT;
/* Relation HORAIRES - ETABLISSEMENT */
ALTER TABLE HORAIRES
ADD CONSTRAINT FK_HORAIRES_ETABLISSEMENT FOREIGN KEY (IDETABLISSEMENT) REFERENCES ETABLISSEMENT (IDETABLISSEMENT) ON DELETE RESTRICT ON UPDATE RESTRICT;
/* Relation HORAIRES_COURSIER - COURSIER */
ALTER TABLE HORAIRES_COURSIER
ADD CONSTRAINT FK_HORAIRES_COURSIER_COURSIER FOREIGN KEY (IDCOURSIER) REFERENCES COURSIER (IDCOURSIER) ON DELETE RESTRICT ON UPDATE RESTRICT;
/* Relation HORAIRES_LIVREUR - LIVREUR */
ALTER TABLE HORAIRES_LIVREUR
ADD CONSTRAINT FK_HORAIRES_LIVREUR_LIVREUR FOREIGN KEY (IDLIVREUR) REFERENCES LIVREUR (IDLIVREUR) ON DELETE RESTRICT ON UPDATE RESTRICT;
/* Relation FACTURE - RESERVATION */
ALTER TABLE FACTURE
ADD CONSTRAINT FK_FACTURE_RESERVATION FOREIGN KEY (IDRESERVATION) REFERENCES RESERVATION (IDRESERVATION) ON DELETE
SET NULL ON UPDATE CASCADE;
/* Relation FACTURE - COMMANDE */
ALTER TABLE FACTURE
ADD CONSTRAINT FK_FACTURE_COMMANDE FOREIGN KEY (IDCOMMANDE) REFERENCES COMMANDE (IDCOMMANDE) ON DELETE
SET NULL ON UPDATE CASCADE;
/* Relation FACTURE - CLIENT */
ALTER TABLE FACTURE
ADD CONSTRAINT FK_FACTURE_CLIENT FOREIGN KEY (IDCLIENT) REFERENCES CLIENT (IDCLIENT) ON DELETE RESTRICT ON UPDATE CASCADE;
/* Relation FACTURE - PAYS */
ALTER TABLE FACTURE
ADD CONSTRAINT FK_FACTURE_PAYS FOREIGN KEY (IDPAYS) REFERENCES PAYS (IDPAYS) ON DELETE RESTRICT ON UPDATE CASCADE;
/* Relation LIEU_FAVORI - CLIENT */
ALTER TABLE LIEU_FAVORI
ADD CONSTRAINT FK_LIEU_FAVORI_CLIENT FOREIGN KEY (IDCLIENT) REFERENCES CLIENT (IDCLIENT) ON DELETE CASCADE ON UPDATE CASCADE;
/* Relation LIEU_FAVORI - ADRESSE */
ALTER TABLE LIEU_FAVORI
ADD CONSTRAINT FK_LIEU_FAVORI_ADRESSE FOREIGN KEY (IDADRESSE) REFERENCES ADRESSE (IDADRESSE) ON DELETE CASCADE ON UPDATE CASCADE;
/* Relation OTP - CLIENT */
ALTER TABLE OTP
ADD CONSTRAINT FK_OTP_CLIENT FOREIGN KEY (IDCLIENT) REFERENCES CLIENT (IDCLIENT) ON DELETE RESTRICT ON UPDATE RESTRICT;
ALTER TABLE PANIER
ADD CONSTRAINT FK_PANIER_CLIENT FOREIGN KEY (IDCLIENT) REFERENCES CLIENT (IDCLIENT) ON DELETE RESTRICT ON UPDATE RESTRICT;
/* Relation REGLEMENT_SALAIRE - COURSIER */
ALTER TABLE REGLEMENT_SALAIRE
ADD CONSTRAINT FK_REGLEMENT_SALAIRE_COURSIER FOREIGN KEY (IDCOURSIER) REFERENCES COURSIER (IDCOURSIER) ON DELETE RESTRICT ON UPDATE RESTRICT;
/* Relation PLANNING_RESERVATION - CLIENT */
ALTER TABLE PLANNING_RESERVATION
ADD CONSTRAINT FK_PLANNING_RESERVATION_CLIENT FOREIGN KEY (IDCLIENT) REFERENCES CLIENT (IDCLIENT) ON DELETE RESTRICT ON UPDATE RESTRICT;
/* Relation RESERVATION - CLIENT */
ALTER TABLE RESERVATION
ADD CONSTRAINT FK_RESERVATION_CLIENT FOREIGN KEY (IDCLIENT) REFERENCES CLIENT (IDCLIENT) ON DELETE RESTRICT ON UPDATE RESTRICT;
/* Relation RESERVATION - PLANNING_RESERVATION */
ALTER TABLE RESERVATION
ADD CONSTRAINT FK_RESERVATION_PLANNING FOREIGN KEY (IDPLANNING) REFERENCES PLANNING_RESERVATION (IDPLANNING) ON DELETE RESTRICT ON UPDATE RESTRICT;
/* Relation VELO_RESERVATION - RESERVATION */
ALTER TABLE VELO_RESERVATION
ADD CONSTRAINT FK_VELO_RESERVATION_RESERVATION FOREIGN KEY (IDRESERVATION) REFERENCES RESERVATION (IDRESERVATION) ON DELETE RESTRICT ON UPDATE RESTRICT;
/* Relation VELO_RESERVATION - VELO */
ALTER TABLE VELO_RESERVATION
ADD CONSTRAINT FK_VELO_RESERVATION_VELO FOREIGN KEY (IDVELO) REFERENCES VELO (IDVELO) ON DELETE RESTRICT ON UPDATE RESTRICT;
ALTER TABLE VEHICULE
ADD CONSTRAINT FK_VEHICULE_COURSIER FOREIGN KEY (IDCOURSIER) REFERENCES COURSIER (IDCOURSIER) ON DELETE RESTRICT ON UPDATE RESTRICT;
/* Relation VELO - ADRESSE */
ALTER TABLE VELO
ADD CONSTRAINT FK_VELO_ADRESSE FOREIGN KEY (IDADRESSE) REFERENCES ADRESSE (IDADRESSE) ON DELETE RESTRICT ON UPDATE RESTRICT;
/* Relation VILLE - CODE_POSTAL */
ALTER TABLE VILLE
ADD CONSTRAINT FK_VILLE_CODE_POSTAL FOREIGN KEY (IDCODEPOSTAL) REFERENCES CODE_POSTAL (IDCODEPOSTAL) ON DELETE RESTRICT ON UPDATE RESTRICT;
/* Relation VILLE - PAYS */
ALTER TABLE VILLE
ADD CONSTRAINT FK_VILLE_PAYS FOREIGN KEY (IDPAYS) REFERENCES PAYS (IDPAYS) ON DELETE RESTRICT ON UPDATE RESTRICT;
INSERT INTO PAYS (IDPAYS, NOMPAYS, POURCENTAGETVA)
VALUES (1, 'France', 20.0),
    (2, 'Allemagne', 19.0),
    (3, 'Espagne', 21.0),
    (4, 'Italie', 22.0),
    (5, 'Belgique', 21.0),
    (6, 'Luxembourg', 17.0),
    (7, 'Suisse', 7.7),
    (8, 'Portugal', 23.0),
    (9, 'Pays-Bas', 21.0),
    (10, 'Autriche', 20.0),
    (11, 'Suède', 25.0),
    (12, 'Danemark', 25.0),
    (13, 'Finlande', 24.0),
    (14, 'Irlande', 23.0),
    (15, 'Grèce', 24.0),
    (16, 'Pologne', 23.0),
    (17, 'Hongrie', 27.0),
    (18, 'République Tchèque', 21.0),
    (19, 'Slovénie', 22.0),
    (20, 'Roumanie', 19.0);
INSERT INTO DEPARTEMENT (
        IDDEPARTEMENT,
        IDPAYS,
        CODEDEPARTEMENT,
        LIBELLEDEPARTEMENT
    )
VALUES (1, 1, '75', 'Paris'),
    (2, 1, '13', 'Bouches-du-Rhône'),
    (3, 1, '69', 'Rhône'),
    (4, 1, '33', 'Gironde'),
    (5, 1, '06', 'Alpes-Maritimes'),
    (6, 1, '44', 'Loire-Atlantique'),
    (7, 1, '59', 'Nord'),
    (8, 1, '34', 'Hérault'),
    (9, 1, '31', 'Haute-Garonne'),
    (10, 1, '85', 'Vendée'),
    (11, 1, '62', 'Pas-de-Calais'),
    (12, 1, '76', 'Seine-Maritime'),
    (13, 1, '94', 'Val-de-Marne'),
    (14, 1, '75', 'Paris'),
    (15, 1, '77', 'Seine-et-Marne'),
    (16, 1, '91', 'Essonne'),
    (17, 1, '93', 'Seine-Saint-Denis'),
    (18, 1, '92', 'Hauts-de-Seine'),
    (19, 1, '95', 'Val-d Oise'),
    (20, 1, '60', 'Oise');
INSERT INTO CODE_POSTAL (IDCODEPOSTAL, IDPAYS, CODEPOSTAL)
VALUES (1, 1, '75000'),
    (2, 1, '69000'),
    (3, 1, '13000'),
    (4, 1, '33000'),
    (5, 1, '06000'),
    (6, 1, '44000'),
    (7, 1, '34000'),
    (8, 1, '67000'),
    (9, 1, '21000'),
    (10, 1, '78000'),
    (11, 1, '74000'),
    (12, 1, '31000'),
    (13, 1, '59000'),
    (14, 1, '35000'),
    (15, 1, '76600'),
    (16, 1, '51100'),
    (17, 1, '42000'),
    (18, 1, '72000'),
    (19, 1, '80000'),
    (20, 1, '29200'),
    (21, 1, '63000'),
    (22, 1, '83000'),
    (23, 1, '49100'),
    (24, 1, '30000'),
    (25, 1, '37000'),
    (26, 1, '14000'),
    (27, 1, '45200'),
    (28, 1, '66000'),
    (29, 1, '73000'),
    (30, 1, '68000'),
    (31, 1, '56000'),
    (32, 1, '13100'),
    (33, 1, '64200'),
    (34, 1, '38000'),
    (35, 1, '45000'),
    (36, 1, '84000'),
    (37, 1, '54000'),
    (38, 1, '56100'),
    (39, 1, '17000'),
    (40, 1, '34200');
INSERT INTO VILLE (
        IDVILLE,
        IDPAYS,
        IDCODEPOSTAL,
        NOMVILLE
    )
VALUES (1, 1, 1, 'Paris'),
    (2, 1, 2, 'Lyon'),
    (3, 1, 3, 'Marseille'),
    (4, 1, 4, 'Bordeaux'),
    (5, 1, 5, 'Nice'),
    (6, 1, 6, 'Nantes'),
    (7, 1, 7, 'Montpellier'),
    (8, 1, 8, 'Strasbourg'),
    (9, 1, 9, 'Dijon'),
    (10, 1, 10, 'Versailles'),
    (11, 1, 11, 'Annecy'),
    (12, 1, 12, 'Toulouse'),
    (13, 1, 13, 'Lille'),
    (14, 1, 14, 'Rennes'),
    (15, 1, 15, 'Le Havre'),
    (16, 1, 16, 'Reims'),
    (17, 1, 17, 'Saint-Étienne'),
    (18, 1, 18, 'Le Mans'),
    (19, 1, 19, 'Amiens'),
    (20, 1, 20, 'Brest'),
    (21, 1, 21, 'Clermont-Ferrand'),
    (22, 1, 22, 'Toulon'),
    (23, 1, 23, 'Angers'),
    (24, 1, 24, 'Nîmes'),
    (25, 1, 25, 'Tours'),
    (26, 1, 26, 'Caen'),
    (27, 1, 27, 'Montargis'),
    (28, 1, 28, 'Perpignan'),
    (29, 1, 29, 'Chambery'),
    (30, 1, 30, 'Colmar'),
    (31, 1, 31, 'Vannes'),
    (32, 1, 32, 'Aix-en-Provence'),
    (33, 1, 33, 'Biarritz'),
    (34, 1, 34, 'Grenoble'),
    (35, 1, 35, 'Orléans'),
    (36, 1, 36, 'Avignon'),
    (37, 1, 37, 'Nancy'),
    (38, 1, 38, 'Lorient'),
    (39, 1, 39, 'La Rochelle'),
    (40, 1, 40, 'Sète');
INSERT INTO ADRESSE (IDADRESSE, IDVILLE, LIBELLEADRESSE)
VALUES (1, 1, '1 Rue de l''Épée de Bois'),
    (2, 1, '15 Rue du Général Foy'),
    (3, 1, '27 Rue Navier'),
    (4, 1, '18 Rue Chaligny'),
    (5, 1, '51 Rue Censier'),
    (6, 1, '1 Place Étienne Pernet'),
    (7, 1, '7 Rue du Commerce'),
    (8, 1, '90 Rue Saint-Dominique'),
    (9, 1, '49 Rue de Babylone'),
    (10, 1, '98 Avenue Denfert Rochereau'),
    (11, 2, '17 Rue Antoine Lumière'),
    (12, 2, '8 Rue Rossan'),
    (13, 2, '15 Rue Etienne Dolet'),
    (14, 2, '154 Avenue Thiers'),
    (15, 2, '1 Rue Burdeau'),
    (16, 2, '6 Rue Victor Hugo'),
    (17, 2, '27 Rue Pierre Delore Bis'),
    (18, 2, '12 Rue Wakatsuki'),
    (19, 2, '38 rue de la Charité'),
    (20, 2, '59 rue de la Part-Dieu'),
    (21, 3, '23 rue Saint-Ferréol'),
    (22, 3, '5 boulevard Longchamp'),
    (23, 3, '58 Rue Charles Kaddouz'),
    (24, 3, '34 rue de la Canebière'),
    (25, 3, '7 rue du Panier'),
    (26, 3, '61 Rue Aviateur le Brix'),
    (27, 3, '2 Avenue du Frêne'),
    (28, 3, '390 Chemin du Roucas Blanc'),
    (29, 3, '5 Avenue Edmond Oraison'),
    (30, 3, '31 Rue Vauvenargues'),
    (31, 4, '20 Rue Beyssac'),
    (32, 4, '16 Rue Nérigean'),
    (33, 4, '8 Place Camille Pelletan'),
    (34, 4, '22 Rue de Causserouge'),
    (35, 4, '93 Rue Manon Cormier'),
    (36, 4, '27 Rue Charles Péguy'),
    (37, 4, '9 Rue Alfred Dalancourt'),
    (38, 4, '10 Avenue des 3 Cardinaux'),
    (39, 4, '13 Rue de la Concorde'),
    (40, 4, '6 Rue Bossuet'),
    (41, 5, '58 Chemin du Vallon Sabatier'),
    (42, 5, '203 Route de Saint-Pierre de Féric'),
    (43, 5, '144 Chemin de la Costière'),
    (44, 5, '28 Chemin du Haut Magnan'),
    (45, 5, '32 Avenue du Dom. du Piol'),
    (46, 5, '78 Av. du Bois de Cythère'),
    (47, 5, '9 Rue Roger Martin du Gard'),
    (48, 5, '5 Avenue Suzanne Lenglen'),
    (49, 5, '40 Rue Trachel'),
    (50, 5, '7 Chemin de la Colline de Magnan'),
    (51, 6, '4 Avenue de la Paix'),
    (52, 6, '34 Rue Massenet'),
    (53, 6, '8 Rue des Reinettes'),
    (54, 6, '36 Rue du Chanoine Poupard'),
    (55, 6, '22 Rue Jean Baptiste Olivaux'),
    (56, 6, '1 Chemin des Noisetiers'),
    (57, 6, '6 Rue de Bellevue Bis'),
    (58, 6, '40 Rue Thomas Maisonneuve'),
    (59, 6, '2 Avenue du Bonheur'),
    (60, 6, '73 Rue de Coulmiers'),
    (61, 7, '701 Av. de Toulouse'),
    (62, 7, '6 Rue Jean Vachet'),
    (63, 7, '380 Avenue du Maréchal Leclerc'),
    (64, 7, '15 Rue Sainte-Catherine'),
    (65, 7, '125 Rue de Cante Gril'),
    (66, 7, '6 Rue de la Felouque'),
    (67, 7, '1167 Allée de la Martelle'),
    (68, 7, '1482 Rue de St - Priest'),
    (69, 7, '208 Avenue des Apothicaires'),
    (70, 7, '425 Rue de la Croix de Lavit'),
    (71, 8, '67 Rue de Ribeauvillé'),
    (72, 8, '20 Route de Mittelhausbergen'),
    (73, 8, '31 Rue de Dettwiller'),
    (74, 8, '34 Rue Becquerel'),
    (75, 8, '69 Avenue Molière'),
    (76, 8, '58 Allee des Comtes'),
    (77, 8, '17 Route des Romains'),
    (78, 8, '1 Rue des Bosquets'),
    (79, 8, 'Chemin Raltauweg'),
    (80, 8, 'Rue de la Montagne Verte'),
    (81, 9, '52 Rue Chaudronnerie'),
    (82, 9, '4 Rue des Francs-Bourgeois'),
    (83, 9, '81 Rue Monge'),
    (84, 9, '48 Avenue Garibaldi'),
    (85, 9, '1 Rue Pontus de Tyard'),
    (86, 9, '1 Rue de la Gare'),
    (87, 9, '13 Rue Sainte-Claire Déville'),
    (88, 9, '19 Rue la Fontaine'),
    (89, 9, '9 Rue Racine'),
    (90, 9, '28 Rue Gustave Flaubert'),
    (91, 10, '9 Rue de Condé'),
    (92, 10, '69 Rue Jean de la Fontaine'),
    (93, 10, '50 Avenue Fourcault de Pavant'),
    (94, 10, '6 Avenue du Général Mangin Bis'),
    (95, 10, '28 Rue des Missionnaires Bis'),
    (96, 10, '2 Rue de Beauvau'),
    (97, 10, '32 Rue Berthier'),
    (98, 10, '70 Rue de la Paroisse'),
    (99, 10, '2 Place Charost'),
    (100, 10, '6 Rue des Tournelles'),
    (101, 1, '87 Avenue De Flandre'),
    (102, 1, '5 Rue Du Cinema'),
    (103, 3, '1 Place Ernest Delibes'),
    (104, 11, '80 Rue Carnot'),
    (105, 2, '8 Place De La Croix-Rousse'),
    (106, 11, '5 Rue De LIndustrie'),
    (107, 4, '57 Rue Du Château DEau'),
    (108, 11, '5 Rue De L''Industrie'),
    (109, 3, '11 Avenue de St.''Antoine'),
    (110, 5, '39 Avenue Georges Clemenceau'),
    (111, 11, '3bis Avenue De Chevêne'),
    (112, 6, '3 Rue Léon Maître'),
    (113, 7, '5 Boulevard De L''Observatoire'),
    (114, 7, '7 Rue De La Loge'),
    (115, 9, '65 Rue du Bourg'),
    (116, 10, '76 Rue de la Paroisse'),
    (117, 10, '7 Rue de Montreuil'),
    (118, 11, '52 Rue Du Pont'),
    (119, 1, '22 Rue De La Sablonnière'),
    (120, 8, 'Rue Des Chevaliers'),
    (121, 11, '20 Rue de la République'),
    (122, 11, '9 Rue de l''Arc en iel'),
    (123, 11, '6 Avenue du Rhône'),
    (124, 11, 'Rue de la gare'),
    (125, 11, 'rue des chasseurs'),
    (126, 11, '10 Place de la Concorde'),
    (127, 11, 'Rue Sommeiller'),
    (128, 11, '2 Rue Jacqueline Auriol'),
    (129, 11, '16 Rue de Lachat'),
    (130, 11, 'Avenue Montaigne'),
    (131, 12, '10 Boulevard Lascrosses'),
    (132, 12, '74 Avenue Jules Julien'),
    (133, 13, '216 Avenue De Dunkerque'),
    (134, 13, '8 Place Louise De Bettignies'),
    (135, 14, 'Place Georges Bernanos'),
    (136, 14, '18 Rue De Bertrand'),
    (137, 15, '22 Rue Casimir Perrier'),
    (138, 15, '65 Avenue René Coty'),
    (139, 16, '7 Rue Du Dr Jacquin'),
    (140, 16, '49 Boulevard Du Général Leclerc'),
    (141, 17, '5 Rue Du Grand Moulin'),
    (142, 17, '40 Rue Etienne Mimard'),
    (143, 18, '48 Rue Du Port'),
    (144, 18, '2 Place de la République'),
    (145, 19, '4 Rue de la Cathédrale'),
    (146, 19, '5 Rue des Trois Cailloux'),
    (147, 20, '22 Rue de Siam'),
    (148, 20, '3 Rue Jean Jaurès'),
    (149, 21, '30 Avenue de l’Opéra'),
    (150, 21, '19 Rue de l’Horloge'),
    (151, 22, '24 Rue de la République'),
    (152, 22, '7 Place Puget'),
    (153, 23, '9 Rue d’Alsace'),
    (154, 23, '17 Boulevard Foch'),
    (155, 24, '3 Rue de la Madeleine'),
    (156, 24, '10 Avenue Jean Jaurès'),
    (157, 25, '5 Rue des Halles'),
    (158, 25, '28 Rue de la Préfecture'),
    (159, 26, '20 Place Saint-Sauveur'),
    (160, 26, '12 Rue des Fossés Saint-Julien'),
    (161, 27, '25 Rue Jean Jaurès'),
    (162, 27, '7 Rue de la République'),
    (163, 28, '13 Boulevard Saint-Assiscle'),
    (164, 28, '20 Rue des Albères'),
    (165, 29, '4 Rue de la République'),
    (166, 29, '12 Place du Palais de Justice'),
    (167, 30, '5 Rue des Marchands'),
    (168, 30, '9 Rue de la Poissonnerie'),
    (169, 31, '1 Rue des Halles'),
    (170, 31, '20 Avenue des Sables d’Or'),
    (171, 32, '10 Rue des Cordeliers'),
    (172, 32, '22 Boulevard du Roi René'),
    (173, 33, '5 Rue de la Poste'),
    (174, 33, '12 Place Georges Clémenceau'),
    (175, 34, '2 Avenue Rhin Et Danube'),
    (176, 34, '25 Avenue de Verdun'),
    (177, 35, '17 Rue Jeanne d’Arc'),
    (178, 35, '3 Rue de la République'),
    (179, 36, '8 Rue des Teinturiers'),
    (180, 36, '10 Place de l’Horloge'),
    (181, 37, '5 Rue Saint-Jean'),
    (182, 37, '23 Rue de la Commanderie'),
    (183, 38, '11 Rue de la Fraternité'),
    (184, 38, '2 Place de la Mairie'),
    (185, 39, '3 Rue des Dames'),
    (186, 39, '9 Quai Valin'),
    (187, 40, '1 Place des Poissonniers'),
    (188, 40, '14 Quai de la Résistance'),
    (189, 15, '93 Rue D''Etretat'),
    (190, 15, '65 Rue Bernardin de Saint-Pierre'),
    (191, 34, '7 Place Gustave Rivet'),
    (192, 34, '36 Avenue Alsace Lorraine'),
    (193, 34, '25 Cours Jourdan'),
    (194, 2, '17 Rue Neuve'),
    (195, 2, '16 Rue Villeroy'),
    (196, 2, '251 Route de Vienne'),
    (197, 2, '25 Quai Victor Augagneur'),
    (198, 2, '25 Rue Chevreul');
INSERT INTO CATEGORIE_PRODUIT (IDCATEGORIE, NOMCATEGORIE)
VALUES (1, 'Alimentation générale'),
    (2, 'Fruits, Légumes et Produits frais'),
    (3, 'Viandes, Poissons et Charcuterie'),
    (4, 'Produits laitiers et Fromages'),
    (5, 'Pâtisseries, Desserts et Glaces'),
    (6, 'Épicerie (salée et sucrée)'),
    (7, 'Plats préparés et Surgelés'),
    (8, 'Snacks, Apéritifs et Confiseries'),
    (9, 'Céréales, Pâtes et Conserves'),
    (10, 'Sauces, Condiments et Épices'),
    (
        11,
        'Boissons (alcoolisées et non alcoolisées)'
    ),
    (
        12,
        'Produits bio et Spécifiques (sans gluten, sans lactose)'
    ),
    (13, 'Hygiène, Beauté et Entretien'),
    (14, 'Produits pour bébés et enfants'),
    (15, 'Produits pour animaux'),
    (16, 'Produits locaux et de luxe'),
    (
        17,
        'Produits pour fêtes et occasions spéciales'
    ),
    (
        18,
        'Accessoires et Articles divers (papeterie, cuisine)'
    ),
    (
        19,
        'Produits végétariens et végétaliens'
    ),
    (20, 'Compléments alimentaires et Sport');
INSERT INTO PRODUIT (
        IDPRODUIT,
        NOMPRODUIT,
        PRIXPRODUIT,
        IMAGEPRODUIT,
        DESCRIPTION
    )
VALUES (
        1,
        'BIG MAC™',
        14.50,
        'https://tb-static.uber.com/prod/image-proc/processed_images/187f0969e27fd45fb5e70a302aa6ccd6/5143f1e218c67c20fe5a4cd33d90b07b.jpeg',
        'Pizza classique avec tomate, mozzarella et basilic frais'
    ),
    (
        2,
        'P''TIT WRAP RANCH',
        3.80,
        'https://tb-static.uber.com/prod/image-proc/processed_images/211f0fb68762b32b5baf490fef00bba3/5143f1e218c67c20fe5a4cd33d90b07b.jpeg',
        'Pâtes avec une sauce crémeuse au lard et parmesan'
    ),
    (
        3,
        'CHEESEBURGER',
        3.95,
        'https://tb-static.uber.com/prod/image-proc/processed_images/4c2baf71a483ac6bf90fe57309159566/5143f1e218c67c20fe5a4cd33d90b07b.jpeg',
        'Burger avec du fromage cheddar fondu, laitue et tomate'
    ),
    (
        4,
        'McFLURRY™ SAVEUR VANILLE',
        5.90,
        'https://tb-static.uber.com/prod/image-proc/processed_images/d00bfd22b007f99cc299f5e0acb8284f/5143f1e218c67c20fe5a4cd33d90b07b.jpeg',
        'Salade verte avec du poulet grillé, croutons et sauce César'
    ),
    (
        5,
        'Waffine à composer',
        5.60,
        'https://tb-static.uber.com/prod/image-proc/processed_images/60b5defd7ce81e7e4594406b1bbeb533/5143f1e218c67c20fe5a4cd33d90b07b.jpeg',
        'Spaghetti accompagnés d une sauce à la viande épicée'
    ),
    (
        6,
        'Menu Complet',
        15.50,
        'https://tb-static.uber.com/prod/image-proc/processed_images/fe706ef5f42b6630ce697439389633b5/5143f1e218c67c20fe5a4cd33d90b07b.jpeg',
        'Dessert italien à base de café, mascarpone et cacao'
    ),
    (
        7,
        'Tropico Tropical',
        3.80,
        'https://tb-static.uber.com/prod/image-proc/processed_images/80421cc360d5895fc62ddda20a908c1e/5143f1e218c67c20fe5a4cd33d90b07b.jpeg',
        'Gâteau fondant au chocolat avec un cœur coulant'
    ),
    (
        8,
        'Supplément Chocolat Blanc',
        1.10,
        'https://tb-static.uber.com/prod/image-proc/processed_images/5eaff7fba1662e5abe050186d80ee358/5143f1e218c67c20fe5a4cd33d90b07b.jpeg',
        'Café latte avec du lait mousseux et une touche de sucre'
    ),
    (
        9,
        'Menu sandwich froid',
        10.90,
        'https://tb-static.uber.com/prod/image-proc/processed_images/a66f63bc26d4a10caaf715ad81c3245c/5954bcb006b10dbfd0bc160f6370faf3.jpeg',
        'Assortiment de rouleaux de sushi avec poisson frais et légumes'
    ),
    (
        10,
        'La salade PAUL',
        8.80,
        'https://tb-static.uber.com/prod/image-proc/processed_images/1ab11b6a052383b311a05cce8d3b1090/a19bb09692310dfd41e49a96c424b3a6.jpeg',
        'Poulet rôti avec des herbes et légumes de saison'
    ),
    (
        11,
        'La part de pizza provençale',
        6.00,
        'https://tb-static.uber.com/prod/image-proc/processed_images/0497c9f6af91be7a7efa0eeb8a7f0160/a19bb09692310dfd41e49a96c424b3a6.jpeg',
        'Tacos avec viande, légumes et sauce épicée'
    ),
    (
        12,
        'Le pain nordique 300g',
        4.50,
        'https://tb-static.uber.com/prod/image-proc/processed_images/f9daf45bba1c9b5edaabac3a895251aa/a19bb09692310dfd41e49a96c424b3a6.jpeg',
        'Ravioli farcis aux champignons et sauce crémeuse'
    ),
    (
        13,
        'Empanada carne',
        3.90,
        'https://tb-static.uber.com/prod/image-proc/processed_images/7f5ea07b946ef58e7b8c0ba245d3c195/7f4ae9ca0446cbc23e71d8d395a98428.jpeg',
        'Crêpes garnies de Nutella et de bananes fraîches'
    ),
    (
        14,
        'Empanada jamon y queso',
        3.90,
        'https://tb-static.uber.com/prod/image-proc/processed_images/b67188ae5e5fdd83dc84edc88799f3aa/7f4ae9ca0446cbc23e71d8d395a98428.jpeg',
        'Crème dessert à la vanille servie avec un coulis de fruits rouges'
    ),
    (
        15,
        'Kombucha mate',
        6.00,
        'https://tb-static.uber.com/prod/image-proc/processed_images/1821d8c777baa704713db996835c53ac/7f4ae9ca0446cbc23e71d8d395a98428.jpeg',
        'Tartare de saumon frais, avocat et citron'
    ),
    (
        16,
        'Fuzetea',
        3.00,
        'https://tb-static.uber.com/prod/image-proc/processed_images/65aeec1897aadd2f4aad333c123d21ca/7f4ae9ca0446cbc23e71d8d395a98428.jpeg',
        'Pâtisserie légère et beurrée, parfaite pour le petit-déjeuner'
    ),
    (
        17,
        '2 MENUS + 2 EXTRAS',
        24.90,
        'https://tb-static.uber.com/prod/image-proc/processed_images/b442c5f045ac1003dfa0955d57a3f5f8/5954bcb006b10dbfd0bc160f6370faf3.jpeg',
        'Baguette française croustillante, idéale pour accompagner vos repas'
    ),
    (
        18,
        '3 MENUS + 3 EXTRAS',
        31.90,
        'https://tb-static.uber.com/prod/image-proc/processed_images/7984c960f6c32300353e68c2b64c8afb/5954bcb006b10dbfd0bc160f6370faf3.jpeg',
        'Boules de pois chiches épicées, servies avec du pain pita'
    ),
    (
        19,
        'KINGBOX 10 King Nuggets® + 10 Chili Cheese',
        11.70,
        'https://tb-static.uber.com/prod/image-proc/processed_images/0c5a593f78e02d00f3edd7a43921cdd4/5143f1e218c67c20fe5a4cd33d90b07b.jpeg',
        'Plat espagnol à base de riz, fruits de mer et légumes'
    ),
    (
        20,
        'Veggie Chicken Louisiane Steakhouse',
        11.10,
        'https://tb-static.uber.com/prod/image-proc/processed_images/a80c346a4df799f7011edf6080b9ab4f/5143f1e218c67c20fe5a4cd33d90b07b.jpeg',
        'Burger avec du fromage bleu, oignons caramélisés et sauce maison'
    ),
    (
        21,
        'Chicken M',
        11.10,
        'https://tb-static.uber.com/prod/image-proc/processed_images/89da09264832798a80dd0edea34585b5/a19bb09692310dfd41e49a96c424b3a6.jpeg',
        'Pizza avec du pepperoni, tomate et mozzarella'
    ),
    (
        22,
        'Rustic',
        12.90,
        'https://tb-static.uber.com/prod/image-proc/processed_images/02a2ae4683161602e5aaaabd38c75cca/a19bb09692310dfd41e49a96c424b3a6.jpeg',
        'Lasagne avec sauce bolognese, viande et béchamel'
    ),
    (
        23,
        'Cordon Bleu',
        15.90,
        'https://tb-static.uber.com/prod/image-proc/processed_images/dbc21188817723938eb6b73a82313a6d/a19bb09692310dfd41e49a96c424b3a6.jpeg',
        'Boisson chaude à base de chocolat fondu et lait crémeux'
    ),
    (
        24,
        'Camembert Bites',
        5.90,
        'https://tb-static.uber.com/prod/image-proc/processed_images/47f7c16188a930e67364e79de8e0c0e5/a19bb09692310dfd41e49a96c424b3a6.jpeg',
        'Soupe froide à base de tomates, poivrons et concombres'
    ),
    (
        25,
        'Menu West Coast',
        16.90,
        'https://tb-static.uber.com/prod/image-proc/processed_images/dab35dc563cbcd50e95518268ca151f2/5143f1e218c67c20fe5a4cd33d90b07b.jpeg',
        'Dessert léger et aérien au chocolat noir'
    ),
    (
        26,
        'Mozzarella Sticks',
        3.90,
        'https://tb-static.uber.com/prod/image-proc/processed_images/3b6d8a07677b2afc6712b2bc665c6e7f/a19bb09692310dfd41e49a96c424b3a6.jpeg',
        'Steak grillé accompagné de frites croustillantes'
    ),
    (
        27,
        'Menu KO Burger',
        15.90,
        'https://tb-static.uber.com/prod/image-proc/processed_images/aa8aa7de050c2d0c6f123e6be9fa6161/5143f1e218c67c20fe5a4cd33d90b07b.jpeg',
        'Risotto crémeux avec des champignons frais'
    ),
    (
        28,
        'Mexico',
        14.90,
        'https://tb-static.uber.com/prod/image-proc/processed_images/ca94f98a5e134e355245065a275c2340/5143f1e218c67c20fe5a4cd33d90b07b.jpeg',
        'Délicat biscuit meringué fourré de ganache parfumée'
    ),
    (
        29,
        'Frites XL',
        5.00,
        'https://tb-static.uber.com/prod/image-proc/processed_images/f5f24d75d579ddbf2e54e93fd8d35247/a19bb09692310dfd41e49a96c424b3a6.jpeg',
        'Rouleaux de maki garnis de saumon frais et légumes'
    ),
    (
        30,
        'Chicken XL',
        12.90,
        'https://tb-static.uber.com/prod/image-proc/processed_images/89da09264832798a80dd0edea34585b5/a19bb09692310dfd41e49a96c424b3a6.jpeg',
        'Soupe savoureuse à base d’oignons caramélisés et gratinée de fromage'
    ),
    (
        31,
        'Tiramisu Nutella Spéculos',
        4.90,
        'https://tb-static.uber.com/prod/image-proc/processed_images/3aaafb7b062923a04ef0ba83ee7e2fd4/a19bb09692310dfd41e49a96c424b3a6.jpeg',
        'Mélange de légumes sautés au wok avec sauce soja'
    ),
    (
        32,
        'Farmer',
        12.90,
        'https://tb-static.uber.com/prod/image-proc/processed_images/2a371e731b10487a219a717773edeee2/a19bb09692310dfd41e49a96c424b3a6.jpeg',
        'Burger végétarien avec galette de légumes et sauce mayo maison'
    ),
    (
        33,
        'Nettoyant vitres',
        2.21,
        'https://tb-static.uber.com/prod/image-proc/processed_images/b6afbbfc3c5c6447a0d6e437567159d3/957777de4e8d7439bef56daddbfae227.jpeg',
        'Salade composée de thon, œufs, tomates et olives'
    ),
    (
        34,
        'Papier toilette',
        4.00,
        'https://tb-static.uber.com/prod/image-proc/processed_images/54290cec7e96e73a88ecf97d5a32c4a4/0e5313be7a8831b8ed60f8dab3c2df10.jpeg',
        'Crêpes flambées avec une sauce à l’orange et au Grand Marnier'
    ),
    (
        35,
        'Kiri',
        2.77,
        'https://tb-static.uber.com/prod/image-proc/processed_images/90b7a5e4812f845a9d8f131052dda3b7/0e5313be7a8831b8ed60f8dab3c2df10.jpeg',
        'Tarte aux pommes caramélisées, servie chaude'
    ),
    (
        36,
        'Viande hachée pur bœuf',
        6.63,
        'https://tb-static.uber.com/prod/image-proc/processed_images/53f823882f73d9ec73513c4930a13ae0/957777de4e8d7439bef56daddbfae227.jpeg',
        'Poulet dans une sauce au curry doux et noix de cajou'
    ),
    (
        37,
        'Brioche Pasquier',
        2.41,
        'https://tb-static.uber.com/prod/image-proc/processed_images/193aeef2bac1aa55636feb9bad10584d/957777de4e8d7439bef56daddbfae227.jpeg',
        'Pizza avec jambon, champignons, artichauts et olives'
    ),
    (
        38,
        'Le Cordon Bleu',
        7.63,
        'https://tb-static.uber.com/prod/image-proc/processed_images/5b0b83c1202bf16f533886399945ac73/a19bb09692310dfd41e49a96c424b3a6.jpeg',
        'Paella avec des légumes de saison et riz parfumé'
    ),
    (
        39,
        'Le Western',
        11.90,
        'https://tb-static.uber.com/prod/image-proc/processed_images/b14503a31169e0a453d4c65fbebcdb80/a19bb09692310dfd41e49a96c424b3a6.jpeg',
        'Tartare de thon frais accompagné de légumes et d’avocat'
    ),
    (
        40,
        'Wings',
        5.90,
        'https://tb-static.uber.com/prod/image-proc/processed_images/b0ce32b34888a8d04607bb2a42e6fefb/5143f1e218c67c20fe5a4cd33d90b07b.jpeg',
        'Beignets sucrés frits, servis avec du chocolat chaud'
    ),
    (
        41,
        'Sauce Harissa',
        0.50,
        'https://cn-geo1.uber.com/image-proc/resize/eats/format=webp/width=550/height=440/quality=70/srcb64=aHR0cHM6Ly90Yi1zdGF0aWMudWJlci5jb20vcHJvZC9pbWFnZS1wcm9jL3Byb2Nlc3NlZF9pbWFnZXMvYzM0YWJhYjc5OWEzMmZhNWU1ZWJiZDhkNmFkZjJiNTYvNTE0M2YxZTIxOGM2N2MyMGZlNWE0Y2QzM2Q5MGIwN2IuanBlZw==',
        'Poulet cuit dans une sauce crémeuse au curry et lait de coco'
    ),
    (
        42,
        'Bao Poulet croustillant',
        8.90,
        'https://cn-geo1.uber.com/image-proc/resize/eats/format=webp/width=550/height=440/quality=70/srcb64=aHR0cHM6Ly90Yi1zdGF0aWMudWJlci5jb20vcHJvZC9pbWFnZS1wcm9jL3Byb2Nlc3NlZF9pbWFnZXMvNTA3Y2I2YTJjN2I0OGNhNTcyYmJkYzU0YWZlODE3OTkvYTE5YmIwOTY5MjMxMGRmZDQxZTQ5YTk2YzQyNGIzYTYuanBlZw==',
        'Riz basmati parfumé cuit avec des épices et des légumes'
    ),
    (
        43,
        'Menu Poké & Boisson',
        17.50,
        'https://cn-geo1.uber.com/image-proc/resize/eats/format=webp/width=550/height=440/quality=70/srcb64=aHR0cHM6Ly90Yi1zdGF0aWMudWJlci5jb20vcHJvZC9pbWFnZS1wcm9jL3Byb2Nlc3NlZF9pbWFnZXMvYjI1NmI0ODdmYzYwYmFkYjFkOTg3MmYyZjdmNDRlNjgvN2Y0YWU5Y2EwNDQ2Y2JjMjNlNzFkOGQzOTVhOTg0MjguanBlZw==',
        'Pizza avec jambon, ananas, tomate et mozzarella'
    ),
    (
        44,
        'Bobun boeuf',
        13.50,
        'https://cn-geo1.uber.com/image-proc/resize/eats/format=webp/width=550/height=440/quality=70/srcb64=aHR0cHM6Ly90Yi1zdGF0aWMudWJlci5jb20vcHJvZC9pbWFnZS1wcm9jL3Byb2Nlc3NlZF9pbWFnZXMvY2Q3NTc3MjAyYmY0YTBlN2ViYzRhMWEzODUxMGQ4YTIvYTE5YmIwOTY5MjMxMGRmZDQxZTQ5YTk2YzQyNGIzYTYuanBlZw==',
        'Gâteau crémeux au fromage avec une base biscuitée'
    ),
    (
        45,
        'Beignets de crevettes tempura',
        7.60,
        'https://cn-geo1.uber.com/image-proc/resize/eats/format=webp/width=550/height=440/quality=70/srcb64=aHR0cHM6Ly90Yi1zdGF0aWMudWJlci5jb20vcHJvZC9pbWFnZS1wcm9jL3Byb2Nlc3NlZF9pbWFnZXMvOGYxYjU3Mjg5ODczZTBhZDhjZjQ4NWE1NTBlZWMwN2MvYTE5YmIwOTY5MjMxMGRmZDQxZTQ5YTk2YzQyNGIzYTYuanBlZw==',
        'Moules cuites dans un bouillon de vin blanc, ail et persil'
    ),
    (
        46,
        'PLAT + BOISSON CLASSIQUE',
        16.90,
        'https://cn-geo1.uber.com/image-proc/resize/eats/format=webp/width=550/height=440/quality=70/srcb64=aHR0cHM6Ly90Yi1zdGF0aWMudWJlci5jb20vcHJvZC9pbWFnZS1wcm9jL3Byb2Nlc3NlZF9pbWFnZXMvYTFmNjUzYzJhOTIxYmUxZTYyOTZkZDY3MTY2ODE3MzAvYTE5YmIwOTY5MjMxMGRmZDQxZTQ5YTk2YzQyNGIzYTYuanBlZw==',
        'Mélange de légumes épicés cuits dans une sauce au curry'
    ),
    (
        47,
        'CRUNCHY THAÏ BOX',
        13.50,
        'https://cn-geo1.uber.com/image-proc/resize/eats/format=webp/width=550/height=440/quality=70/srcb64=aHR0cHM6Ly90Yi1zdGF0aWMudWJlci5jb20vcHJvZC9pbWFnZS1wcm9jL3Byb2Nlc3NlZF9pbWFnZXMvMmYzY2RhZjIwZWRlMTdjMjdiZTUxNjMxMjg4ZmQ4MmQvYTE5YmIwOTY5MjMxMGRmZDQxZTQ5YTk2YzQyNGIzYTYuanBlZw==',
        'Soupe de ramen avec du porc, œuf et légumes'
    ),
    (
        48,
        'CHICKEN ou BEEF THAI',
        15.50,
        'https://cn-geo1.uber.com/image-proc/resize/eats/format=webp/width=550/height=440/quality=70/srcb64=aHR0cHM6Ly90Yi1zdGF0aWMudWJlci5jb20vcHJvZC9pbWFnZS1wcm9jL3Byb2Nlc3NlZF9pbWFnZXMvMDY2NTVjOTkxZDgzNzQxYzU1ZmE0YzAzZWJlM2FmNGIvNTE0M2YxZTIxOGM2N2MyMGZlNWE0Y2QzM2Q5MGIwN2IuanBlZw==',
        'Viande en pâte feuilletée servie avec une salade verte'
    ),
    (
        49,
        'Le Cook Mie extra',
        13.80,
        'https://cn-geo1.uber.com/image-proc/resize/eats/format=webp/width=550/height=440/quality=70/srcb64=aHR0cHM6Ly90Yi1zdGF0aWMudWJlci5jb20vcHJvZC9pbWFnZS1wcm9jL3Byb2Nlc3NlZF9pbWFnZXMvNTJiZmZkZTRjZjkwYWQ2N2MyZDFhZTFiM2Y3YjA3NmUvYTE5YmIwOTY5MjMxMGRmZDQxZTQ5YTk2YzQyNGIzYTYuanBlZw==',
        'Boeuf braisé dans une sauce au vin rouge avec des légumes'
    ),
    (
        50,
        'Le Cook Mie Bistro',
        12.30,
        'https://cn-geo1.uber.com/image-proc/resize/eats/format=webp/width=550/height=440/quality=70/srcb64=aHR0cHM6Ly90Yi1zdGF0aWMudWJlci5jb20vcHJvZC9pbWFnZS1wcm9jL3Byb2Nlc3NlZF9pbWFnZXMvYjJmZDBiMTFlOWI3ZDkzYjQxOGU2OGU1N2RlNTI3MmEvYTE5YmIwOTY5MjMxMGRmZDQxZTQ5YTk2YzQyNGIzYTYuanBlZw==',
        'Gâteau moelleux aux fruits frais de saison'
    ),
    (
        51,
        '3 Cookies Caramel achetés le 4ème offert',
        6.75,
        'https://cn-geo1.uber.com/image-proc/resize/eats/format=webp/width=550/height=440/quality=70/srcb64=aHR0cHM6Ly90Yi1zdGF0aWMudWJlci5jb20vcHJvZC9pbWFnZS1wcm9jL3Byb2Nlc3NlZF9pbWFnZXMvZjA5ZTNlOGE0M2Q0Y2FkZDMxZDBjYTg5ZmM1Zjk1OTYvYTE5YmIwOTY5MjMxMGRmZDQxZTQ5YTk2YzQyNGIzYTYuanBlZw==',
        'Tartare de bœuf frais, accompagné de frites et sauce à part'
    ),
    (
        52,
        'Cookiz duo de choc',
        2.25,
        'https://cn-geo1.uber.com/image-proc/resize/eats/format=webp/width=550/height=440/quality=70/srcb64=aHR0cHM6Ly90Yi1zdGF0aWMudWJlci5jb20vcHJvZC9pbWFnZS1wcm9jL3Byb2Nlc3NlZF9pbWFnZXMvYTQ0OGYyZjE5MGJlMWUwZWQwMTZjYzBhNmUzN2Y3ZWUvZjBkMTc2MmI5MWZkODIzYTFhYTliZDBkYWI1YzY0OGQuanBlZw==',
        'Crevettes sautées à l’ail et au persil, servies avec du pain grillé'
    ),
    (
        53,
        'MENU AUTHENTIQUE THON CRUDITÉS',
        11.10,
        'https://cn-geo1.uber.com/image-proc/resize/eats/format=webp/width=550/height=440/quality=70/srcb64=aHR0cHM6Ly90Yi1zdGF0aWMudWJlci5jb20vcHJvZC9pbWFnZS1wcm9jL3Byb2Nlc3NlZF9pbWFnZXMvZGQ1MjZiZGUzOGJkZjVlMDgzNDQyNGUyMjViMTBjNWUvNTE0M2YxZTIxOGM2N2MyMGZlNWE0Y2QzM2Q5MGIwN2IuanBlZw==',
        'Omelette italienne aux légumes et herbes fraîches'
    ),
    (
        54,
        'TOASTÉ POULET CURRY',
        7.20,
        'https://cn-geo1.uber.com/image-proc/resize/eats/format=webp/width=550/height=440/quality=70/srcb64=aHR0cHM6Ly90Yi1zdGF0aWMudWJlci5jb20vcHJvZC9pbWFnZS1wcm9jL3Byb2Nlc3NlZF9pbWFnZXMvOGFhMjUxZDM0NGZmZDMwMTFkZTA3NThjZmUzMWIyODUvNTE0M2YxZTIxOGM2N2MyMGZlNWE0Y2QzM2Q5MGIwN2IuanBlZw==',
        'Assortiment de makis avec poisson cru et légumes'
    ),
    (
        55,
        'Quiche Lorraine',
        5.90,
        'https://cn-geo1.uber.com/image-proc/resize/eats/format=webp/width=550/height=440/quality=70/srcb64=aHR0cHM6Ly90Yi1zdGF0aWMudWJlci5jb20vcHJvZC9pbWFnZS1wcm9jL3Byb2Nlc3NlZF9pbWFnZXMvNjcxYzQ3YjAyMmY2OWMwODNhZjc1OWYxM2ViMzJjZTcvNTE0M2YxZTIxOGM2N2MyMGZlNWE0Y2QzM2Q5MGIwN2IuanBlZw==',
        'Quiche avec lardons, crème fraîche et fromage'
    ),
    (
        56,
        'FUSETTE CITRON MERINGUÉE',
        4.20,
        'https://cn-geo1.uber.com/image-proc/resize/eats/format=webp/width=550/height=440/quality=70/srcb64=aHR0cHM6Ly90Yi1zdGF0aWMudWJlci5jb20vcHJvZC9pbWFnZS1wcm9jL3Byb2Nlc3NlZF9pbWFnZXMvNGE3Y2ZhZWI4MGU2MDI2ZjNjNTliY2NiMzRmOTc3N2YvNTE0M2YxZTIxOGM2N2MyMGZlNWE0Y2QzM2Q5MGIwN2IuanBlZw==',
        'Pizza repliée avec mozzarella, tomate et jambon'
    ),
    (
        57,
        'FROMAGE BLANC 0% FRUITS ET COULIS DE FRUITS',
        3.70,
        'https://cn-geo1.uber.com/image-proc/resize/eats/format=webp/width=550/height=440/quality=70/srcb64=aHR0cHM6Ly90Yi1zdGF0aWMudWJlci5jb20vcHJvZC9pbWFnZS1wcm9jL3Byb2Nlc3NlZF9pbWFnZXMvYjRhN2M4YmQ3YzE4NTRiZDczZDdjYjE4MWQ3MDcyNzQvNTE0M2YxZTIxOGM2N2MyMGZlNWE0Y2QzM2Q5MGIwN2IuanBlZw==',
        'Dessert crémeux à base de riz au lait et cannelle'
    ),
    (
        58,
        'ALLONGÉ',
        2.10,
        'https://cn-geo1.uber.com/image-proc/resize/eats/format=webp/width=550/height=440/quality=70/srcb64=aHR0cHM6Ly90Yi1zdGF0aWMudWJlci5jb20vcHJvZC9pbWFnZS1wcm9jL3Byb2Nlc3NlZF9pbWFnZXMvM2QxMGQxNjRhMjk5Mzc2MTdhMThiYTMxZTNmNTNlMmEvNTE0M2YxZTIxOGM2N2MyMGZlNWE0Y2QzM2Q5MGIwN2IuanBlZw==',
        'Mélange frais de fruits de saison'
    ),
    (
        59,
        'Jus de pomme',
        2.05,
        'https://cn-geo1.uber.com/image-proc/resize/eats/format=webp/width=550/height=440/quality=70/srcb64=aHR0cHM6Ly90Yi1zdGF0aWMudWJlci5jb20vcHJvZC9pbWFnZS1wcm9jL3Byb2Nlc3NlZF9pbWFnZXMvMjllYjZiNDEzNDAyMjI2NTliZDI3ODk1MmJjMmVlOTkvYTE5YmIwOTY5MjMxMGRmZDQxZTQ5YTk2YzQyNGIzYTYuanBlZw==',
        'Pizza garnie de saumon fumé, crème fraîche et aneth'
    ),
    (
        60,
        'Barre chocolatée',
        1.30,
        'https://cn-geo1.uber.com/image-proc/resize/eats/format=webp/width=550/height=440/quality=70/srcb64=aHR0cHM6Ly90Yi1zdGF0aWMudWJlci5jb20vcHJvZC9pbWFnZS1wcm9jL3Byb2Nlc3NlZF9pbWFnZXMvZTVlZWQwMGRkZjQxNjEyYmQ4NzQwOWZjNjljYzA0ZmEvYTE5YmIwOTY5MjMxMGRmZDQxZTQ5YTk2YzQyNGIzYTYuanBlZw==',
        'Soupe de poisson avec des légumes et du pain grillé'
    ),
    (
        61,
        'Fromage Compté aux lait cru',
        5.02,
        'https://cn-geo1.uber.com/image-proc/resize/eats/format=webp/width=550/height=440/quality=70/srcb64=aHR0cHM6Ly90Yi1zdGF0aWMudWJlci5jb20vcHJvZC9pbWFnZS1wcm9jL3Byb2Nlc3NlZF9pbWFnZXMvZjRjYmZhMjAwN2UxMWQzMjNiN2I2NGQyMGMwZWI0NWQvYTE5YmIwOTY5MjMxMGRmZDQxZTQ5YTk2YzQyNGIzYTYuanBlZw==',
        'Pizza avec légumes grillés, tomate, mozzarella et basilic'
    ),
    (
        62,
        '2 cuisses de canard du Sud-Ouest confites',
        10.81,
        'https://cn-geo1.uber.com/image-proc/resize/eats/format=webp/width=550/height=440/quality=70/srcb64=aHR0cHM6Ly90Yi1zdGF0aWMudWJlci5jb20vcHJvZC9pbWFnZS1wcm9jL3Byb2Nlc3NlZF9pbWFnZXMvNWNkNjk3NTllOWEzMjExMjdjYTliY2RhOTBiZmU3OTkvOTU3Nzc3ZGU0ZThkNzQzOWJlZjU2ZGFkZGJmYWUyMjcuanBlZw==',
        'Côtelettes d’agneau grillées avec une sauce au romarin'
    ),
    (
        63,
        '2 moelleux au chocolat',
        4.19,
        'https://cn-geo1.uber.com/image-proc/resize/eats/format=webp/width=550/height=440/quality=70/srcb64=aHR0cHM6Ly90Yi1zdGF0aWMudWJlci5jb20vcHJvZC9pbWFnZS1wcm9jL3Byb2Nlc3NlZF9pbWFnZXMvZTcwZTQyMTdjYjU3N2MwYjg1OTFjOTBmNTdhMWU3NGMvOTU3Nzc3ZGU0ZThkNzQzOWJlZjU2ZGFkZGJmYWUyMjcuanBlZw==',
        'Gnocchis accompagnés d’une sauce crémeuse au parmesan'
    ),
    (
        64,
        'Pizza chèvre, miel, noix',
        4.83,
        'https://cn-geo1.uber.com/image-proc/resize/eats/format=webp/width=550/height=440/quality=70/srcb64=aHR0cHM6Ly90Yi1zdGF0aWMudWJlci5jb20vcHJvZC9pbWFnZS1wcm9jL3Byb2Nlc3NlZF9pbWFnZXMvNWM4NTlhY2ViM2ZmOTY2ZTAyZmM4Y2E2ZTJhMWJmZjcvOTU3Nzc3ZGU0ZThkNzQzOWJlZjU2ZGFkZGJmYWUyMjcuanBlZw==',
        'Choux remplis de crème pâtissière et enrobés de chocolat'
    ),
    (
        65,
        'Boulettes de viande kefta',
        4.49,
        'https://cn-geo1.uber.com/image-proc/resize/eats/format=webp/width=550/height=440/quality=70/srcb64=aHR0cHM6Ly90Yi1zdGF0aWMudWJlci5jb20vcHJvZC9pbWFnZS1wcm9jL3Byb2Nlc3NlZF9pbWFnZXMvMTJiNjMxOTAzOTdjNzQxODAzNzVhNjc5Y2Y3NzVkOGEvOTU3Nzc3ZGU0ZThkNzQzOWJlZjU2ZGFkZGJmYWUyMjcuanBlZw==',
        'Tartelette avec une crème au citron acidulée et croûte sablée'
    ),
    (
        66,
        'Chips au fromage',
        4.10,
        'https://cn-geo1.uber.com/image-proc/resize/eats/format=webp/width=550/height=440/quality=70/srcb64=aHR0cHM6Ly90Yi1zdGF0aWMudWJlci5jb20vcHJvZC9pbWFnZS1wcm9jL3Byb2Nlc3NlZF9pbWFnZXMvMzUxNTk0MDA2NmU0MTIwMDBlNmU3OGE3ZTQ2NzQwMzQvMGU1MzEzYmU3YTg4MzFiOGVkNjBmOGRhYjNjMmRmMTAuanBlZw==',
        'Pizza garnie de mozzarella, gorgonzola, chèvre et parmesan'
    ),
    (
        67,
        'Granola Choco Lait',
        2.67,
        'https://cn-geo1.uber.com/image-proc/resize/eats/format=webp/width=550/height=440/quality=70/srcb64=aHR0cHM6Ly90Yi1zdGF0aWMudWJlci5jb20vcHJvZC9pbWFnZS1wcm9jL3Byb2Nlc3NlZF9pbWFnZXMvYjdmMDYxZTQ2N2UzOTZmYzk1YTIxZDI0OWY3NzM4OTIvOTU3Nzc3ZGU0ZThkNzQzOWJlZjU2ZGFkZGJmYWUyMjcuanBlZw==',
        'Salade de quinoa avec légumes frais et vinaigrette au citron'
    ),
    (
        68,
        'Ben & Jerry s - Crème glacée, vanille, cookie dough',
        10.77,
        'https://cn-geo1.uber.com/image-proc/resize/eats/format=webp/width=550/height=440/quality=70/srcb64=aHR0cHM6Ly90Yi1zdGF0aWMudWJlci5jb20vcHJvZC9pbWFnZS1wcm9jL3Byb2Nlc3NlZF9pbWFnZXMvYTg3MzZkMTFkZDIxYTMyNTI0MzM0ZGQ1M2EwMGQ0YjYvMGU1MzEzYmU3YTg4MzFiOGVkNjBmOGRhYjNjMmRmMTAuanBlZw==',
        'Ragoût végétarien avec des légumes mijotés et épicés'
    ),
    (
        69,
        'Justin Bridou - Saucisson',
        6.44,
        'https://cn-geo1.uber.com/image-proc/resize/eats/format=webp/width=550/height=440/quality=70/srcb64=aHR0cHM6Ly90Yi1zdGF0aWMudWJlci5jb20vcHJvZC9pbWFnZS1wcm9jL3Byb2Nlc3NlZF9pbWFnZXMvOTUxZjRlNDczN2I2NGYzMDYwZGJiMmExN2U4OGI1Y2IvMGU1MzEzYmU3YTg4MzFiOGVkNjBmOGRhYjNjMmRmMTAuanBlZw==',
        'Burger avec sauce barbecue, bacon, et oignons grillés'
    ),
    (
        70,
        'Donut nutella billes',
        4.55,
        'https://cn-geo1.uber.com/image-proc/resize/eats/format=webp/width=550/height=440/quality=70/srcb64=aHR0cHM6Ly90Yi1zdGF0aWMudWJlci5jb20vcHJvZC9pbWFnZS1wcm9jL3Byb2Nlc3NlZF9pbWFnZXMvMGNkMjlhZThhNGJhMzhjN2M4YWQ3YWE2OWYzNDQyOWIvNDIxOGNhMWQwOTE3NDIxODM2NDE2MmNkMGIxYThjYzEuanBlZw==',
        'Moules cuites dans une sauce au vin blanc, servies avec frites'
    ),
    (
        71,
        'Bagel R. Charles',
        13.00,
        'https://cn-geo1.uber.com/image-proc/resize/eats/format=webp/width=550/height=440/quality=70/srcb64=aHR0cHM6Ly90Yi1zdGF0aWMudWJlci5jb20vcHJvZC9pbWFnZS1wcm9jL3Byb2Nlc3NlZF9pbWFnZXMvMTk5Mzc2YzRlYTZmOWIwMmQ4ZWNkZDJiNzQ4NDQ2NDcvNDIxOGNhMWQwOTE3NDIxODM2NDE2MmNkMGIxYThjYzEuanBlZw==',
        'Poulet frit croustillant, servi avec une sauce épicée'
    ),
    (
        72,
        'Bagel N. Simone',
        13.00,
        'https://cn-geo1.uber.com/image-proc/resize/eats/format=webp/width=550/height=440/quality=70/srcb64=aHR0cHM6Ly90Yi1zdGF0aWMudWJlci5jb20vcHJvZC9pbWFnZS1wcm9jL3Byb2Nlc3NlZF9pbWFnZXMvYjBjYmI2ODFiY2Q3NzcyYjE0NWRjZjkzOTJmZTJhN2QvNDIxOGNhMWQwOTE3NDIxODM2NDE2MmNkMGIxYThjYzEuanBlZw==',
        'Pizza avec poulet rôti, champignons et mozzarella'
    ),
    (
        73,
        'Röstis x6',
        6.00,
        'https://cn-geo1.uber.com/image-proc/resize/eats/format=webp/width=550/height=440/quality=70/srcb64=aHR0cHM6Ly90Yi1zdGF0aWMudWJlci5jb20vcHJvZC9pbWFnZS1wcm9jL3Byb2Nlc3NlZF9pbWFnZXMvNWIyMWNlM2RhYTQ2YWU5ZDg2MDhmMjk3YTNjZWI5YmIvNTE0M2YxZTIxOGM2N2MyMGZlNWE0Y2QzM2Q5MGIwN2IuanBlZw==',
        'Boisson à base de yaourt et mangue'
    ),
    (
        74,
        'SUB15 Dinde',
        9.00,
        'https://cn-geo1.uber.com/image-proc/resize/eats/format=webp/width=550/height=440/quality=70/srcb64=aHR0cHM6Ly90Yi1zdGF0aWMudWJlci5jb20vcHJvZC9pbWFnZS1wcm9jL3Byb2Nlc3NlZF9pbWFnZXMvODg0NzhiNWJlYTZlNjQ2NDA2ODk1YWVlOTRjMzU5NWQvNTE0M2YxZTIxOGM2N2MyMGZlNWE0Y2QzM2Q5MGIwN2IuanBlZw==',
        'Tacos avec viande de porc marinée, ananas et oignons'
    ),
    (
        75,
        'Wrap Crispy Avocado',
        10.00,
        'https://cn-geo1.uber.com/image-proc/resize/eats/format=webp/width=550/height=440/quality=70/srcb64=aHR0cHM6Ly90Yi1zdGF0aWMudWJlci5jb20vcHJvZC9pbWFnZS1wcm9jL3Byb2Nlc3NlZF9pbWFnZXMvMDQ5MTliYjUyMzM4YjE4NzEwNjRkMDBhYmM4Mzg5YjkvNTE0M2YxZTIxOGM2N2MyMGZlNWE0Y2QzM2Q5MGIwN2IuanBlZw==',
        'Tarte avec poires fraîches et crème d’amandes'
    ),
    (
        76,
        'SUB30 Xtreme Raclette Steakhouse',
        15.00,
        'https://cn-geo1.uber.com/image-proc/resize/eats/format=webp/width=550/height=440/quality=70/srcb64=aHR0cHM6Ly90Yi1zdGF0aWMudWJlci5jb20vcHJvZC9pbWFnZS1wcm9jL3Byb2Nlc3NlZF9pbWFnZXMvM2M0MWU1ZDU0ZTRjMTk1NGYxNzVhMjJhNzE0Y2NkNzQvNTE0M2YxZTIxOGM2N2MyMGZlNWE0Y2QzM2Q5MGIwN2IuanBlZw==',
        'Plat épicé avec viande hachée, haricots rouges et épices'
    ),
    (
        77,
        'Menu SUB30 Poulet ',
        16.50,
        'https://cn-geo1.uber.com/image-proc/resize/eats/format=webp/width=550/height=440/quality=70/srcb64=aHR0cHM6Ly90Yi1zdGF0aWMudWJlci5jb20vcHJvZC9pbWFnZS1wcm9jL3Byb2Nlc3NlZF9pbWFnZXMvOTQ2ZWQxMmI0NzViNzRmODIxYmRhZmJjNzlkNmU3MTIvNTE0M2YxZTIxOGM2N2MyMGZlNWE0Y2QzM2Q5MGIwN2IuanBlZw==',
        'Salade avec feta, olives, tomates et concombre'
    ),
    (
        78,
        'Jalapenos',
        5.70,
        'https://cn-geo1.uber.com/image-proc/resize/eats/format=webp/width=550/height=440/quality=70/srcb64=aHR0cHM6Ly90Yi1zdGF0aWMudWJlci5jb20vcHJvZC9pbWFnZS1wcm9jL3Byb2Nlc3NlZF9pbWFnZXMvZDJmZTE3OWIwYmY2YWYwOGY0OTg3NGUxMzQ1YTlkZTcvNThmNjkxZGE5ZWFlZjg2YjBiNTFmOWIyYzQ4M2ZlNjMuanBlZw==',
        'Tartine de pain grillé avec tapenade d’olive'
    ),
    (
        79,
        'Menu 6 HOT WINGS',
        14.20,
        'https://www.e3fgroup.com/wp-content/uploads/elementor/thumbs/shutterstock_1012626229_tenders-qll9yuym43phimgd6wm3ijgpcp9zmca9j682ba6aki.jpg',
        'Foie gras accompagné de pain d’épices et confiture'
    ),
    (
        80,
        'Salade César',
        10.50,
        'https://cn-geo1.uber.com/image-proc/resize/eats/format=webp/width=550/height=440/quality=70/srcb64=aHR0cHM6Ly90Yi1zdGF0aWMudWJlci5jb20vcHJvZC9pbWFnZS1wcm9jL3Byb2Nlc3NlZF9pbWFnZXMvM2Q1NzlhN2QxYTBhZGVjZTZhNWRhYzZiNDI2ZmUwNTQvNThmNjkxZGE5ZWFlZjg2YjBiNTFmOWIyYzQ4M2ZlNjMuanBlZw==',
        'Pizza avec crème, lardons, fromage et œuf poché'
    ),
    (
        81,
        'Shampooing',
        4.99,
        'https://cdn.auchan.fr/media/P02000000001INYPRIMARY_2048x2048/B2CD/?format=rw&quality=75&width=1200&height=1200',
        'Shampooing nourrissant pour cheveux secs'
    ),
    (
        82,
        'Gel Douche',
        3.50,
        'https://assets.unileversolutions.com/v1/126516823.png?im=AspectCrop=(985,985);Resize=(985,985)',
        'Gel douche hydratant pour une peau douce'
    ),
    (
        83,
        'Papier Aluminium',
        2.99,
        'https://tm.groupetadlaoui.ma/wp-content/uploads/2021/02/papier-aluminium.png',
        'Rouleau de papier aluminium pour usage domestique'
    ),
    (
        84,
        'Brosse à dents',
        2.75,
        'https://cdn.auchan.fr/media/MEDIASTEP73897051_2048x2048/B2CD/?format=rw&quality=75&width=1200&height=1200',
        'Brosse à dents avec brins souples pour un nettoyage en profondeur'
    ),
    (
        85,
        'Savon Liquide',
        3.20,
        'https://www.laino.fr/wp-content/uploads/2017/02/LAI-602086-3616826020862-EP-768x768.png',
        'Savon liquide antibactérien pour les mains'
    ),
    (
        86,
        'Pack de 6 bouteilles d’eau',
        6.00,
        'https://media.carrefour.fr/medias/3b0923f67fac4c95bef51f0ccd8c59f6/p_540x540/03760021251191_H1N1_s16.jpeg',
        'Eau minérale naturelle en pack pratique'
    ),
    (
        87,
        'Lessive',
        12.99,
        'https://prd-cdn-emea1-joltx.pgsitecore.com/-/jssmedia/growing-families-version1/gf-fr/product/ariel/ttupdates0823/ariel-lessive-liquide-original.ashx?rev=1a1f035100f84299805ea1d8ad65b4cb&extension=webp&w=800&h=0&mw=0&mh=0&iar=0&as=0&sc=0',
        'Lessive en poudre pour un linge impeccable'
    ),
    (
        88,
        'Boîte de mouchoirs en papier',
        1.80,
        'http://www.medical-promo.be/wp-content/uploads/2017/03/Boite-de-mouchoir-150-1024x683.png',
        'Mouchoirs en papier doux et résistants'
    ),
    (
        89,
        'Batteries AA',
        6.50,
        'https://i5.walmartimages.com/seo/Duracell-Coppertop-AA-Alkaline-Batteries-4-Batteries-Pack_7318dcf6-a4c9-4711-8507-ef45acae4059.e319d247f716c6c4262b5ff3d4e282c0.jpeg?odnHeight=640&odnWidth=640&odnBg=FFFFFF',
        'Piles longue durée pour appareils électroniques'
    ),
    (
        90,
        'Ampoule LED',
        5.99,
        'https://i5.walmartimages.com/seo/Philips-LED-50-Watt-PAR20-Spotlight-Light-Bulb-Bright-White-40-Degree-Beam-Angle-Spread-Dimmable-E26-Medium-Base-2-Pack_204a8944-e63a-4759-a86f-b0b6809e1ebc.1ae06131f3dcd90d8ff0bbcd1ed38381.jpeg?odnHeight=640&odnWidth=640&odnBg=FFFFFF',
        'Ampoule LED écoénergétique, équivalente à 60W'
    ),
    (
        91,
        'Crème hydratante',
        7.50,
        'https://adn-cosmetik.fr/wp-content/uploads/2022/09/Creme-hydratante-jeunesse-satin-1.jpg',
        'Crème nourrissante pour une peau douce et hydratée'
    ),
    (
        92,
        'Ruban adhésif',
        1.99,
        'https://dxbyzx5id4chj.cloudfront.net/fit-in/400x400/filters:fill(fff)/pub/media/catalog/product/6/1/61925_1_c364.jpg',
        'Ruban adhésif transparent pour usage quotidien'
    ),
    (
        93,
        'Ciseaux',
        8.00,
        'https://m.media-amazon.com/images/I/71BNm6BWTSL._AC_SY879_.jpg',
        'Ciseaux robustes et ergonomiques pour travaux de coupe'
    ),
    (
        94,
        'Pack de 4 cahiers',
        3.25,
        'https://www.maxxidiscount.com/11190-large_default/lot-de-4-cahiers-oxford-color-life-24-x-32-cm-48p-seyes.webp',
        'Cahier grand format avec couverture rigide'
    ),
    (
        95,
        'Pack de 3 éponges',
        2.49,
        'https://homehardwarerimouski.com/upload/art-84551-1-hh-exclusives-4542298-paquet-de-3-eponges-a-recurer-scrun-image-1-full.jpg',
        'Éponges résistantes pour nettoyage en profondeur'
    ),
    (
        96,
        'Spray nettoyant multisurface',
        3.99,
        'https://cdn.aroma-zone.com/d_default_placeholder.png/c_fill,q_auto,f_auto,w_852,ar_626:441/b_none/v1/cf/0xsz2r7o7t3z/78VgcZCBBxLoe5a2Lb9242/e205c93a50dcf47e7d53329f9915aa07/t374690_spray-nettoyant-multi-surfaces_web.jpg',
        'Spray nettoyant pour toutes les surfaces'
    ),
    (
        97,
        'Sac poubelle 50L',
        2.75,
        'https://m.media-amazon.com/images/I/81+LOyWMS2L._AC_SX300_SY300_.jpg',
        'Sacs poubelle résistants avec liens intégrés'
    ),
    (
        98,
        'Coton-tiges',
        1.90,
        'https://www.landi.ch/ImageOriginal/Img/product/069/641/69641_wattenstaebchen-200-stueck_69641_1.jpg?width=400&height=400&mode=pad&bgcolor=fff',
        'Coton-tiges doux et pratiques pour une hygiène quotidienne'
    ),
    (
        99,
        'Thermomètre digital',
        12.90,
        'https://www.pharmacodel.com/8108-large_default/predictor-thermometre-digital-flex.jpg',
        'Thermomètre précis pour mesure rapide de la température'
    ),
    (
        100,
        'Pack de feuilles A4',
        4.99,
        'https://www.nlf-livraria.com/wp-content/uploads/2020/07/3329680175516-1.jpg',
        'Papier pour imprimante et usage bureautique'
    ),
    (
        101,
        'Box Tenders',
        9.90,
        'https://tb-static.uber.com/prod/image-proc/processed_images/243757bc258a9659902fbfca19473936/a19bb09692310dfd41e49a96c424b3a6.jpeg',
        'une Boîte de tendeurs'
    ),
    (
        102,
        'Pepe Burger',
        11.90,
        'https://tb-static.uber.com/prod/image-proc/processed_images/51d010a796dc2314b2182c29f37a2fad/a19bb09692310dfd41e49a96c424b3a6.jpeg',
        'Le classique Pepe Burger'
    ),
    (
        103,
        'The Smoky One',
        12.90,
        'https://tb-static.uber.com/prod/image-proc/processed_images/106ca280cf158327a26a8ad3ef796432/a19bb09692310dfd41e49a96c424b3a6.jpeg',
        'Le burger épicé de la région du Smoky Mountains'
    ),
    (
        104,
        'Pop''s Ice Tea Pêche',
        2.50,
        'https://tb-static.uber.com/prod/image-proc/processed_images/8808adb8358f576848065e9b06f2a87b/a19bb09692310dfd41e49a96c424b3a6.jpeg',
        'Ice Tea Pêche de Fast Good Cuisine'
    ),
    (
        105,
        'Menu UBER EAT MAX',
        20.50,
        'https://tb-static.uber.com/prod/image-proc/processed_images/00ff38aa9102697f2b5a18aff1a87305/5954bcb006b10dbfd0bc160f6370faf3.jpeg',
        'Menu Max spécialisé pour Uber Eats'
    ),
    (
        106,
        'Soupe Miso',
        3.70,
        'https://tb-static.uber.com/prod/image-proc/processed_images/6418861a3042f4fc1af069f743e05b28/5954bcb006b10dbfd0bc160f6370faf3.jpeg',
        'Soupe de miso'
    ),
    (
        107,
        'COLETTE',
        12.90,
        'https://tb-static.uber.com/prod/image-proc/processed_images/c5d1b2e0dd92bc4bd1321b54dce32e71/a19bb09692310dfd41e49a96c424b3a6.jpeg',
        'Le classique de chez Colette'
    ),
    (
        108,
        'GASTON',
        18.90,
        'https://tb-static.uber.com/prod/image-proc/processed_images/cd22200d2e34e2c05dd9273c570d752d/5143f1e218c67c20fe5a4cd33d90b07b.jpeg',
        'Le bourrin de Gaston'
    ),
    (
        109,
        'Cookies aux lait et noisettes',
        4.90,
        'https://tb-static.uber.com/prod/image-proc/processed_images/897feeb5c81114843b41fd2cd8187d1c/5143f1e218c67c20fe5a4cd33d90b07b.jpeg',
        'Cookies de Tatie Chocolat lait Noisettes'
    ),
    (
        110,
        'Lot de 6 Oeufs',
        5.30,
        'https://www.bonneterre.fr/wp-content/uploads/2020/02/3022936-GROS-OEUFS-X6-1024x845.jpg',
        '6 gros oeufs tout droit sortie du cul de la poule'
    ),
    (
        111,
        'Sandwich kebab',
        8.90,
        'https://tb-static.uber.com/prod/image-proc/processed_images/639da4362ccb93f0c3ce689806d5e683/a19bb09692310dfd41e49a96c424b3a6.jpeg',
        'Palalala Melissa, yak kendini'
    ),
    (
        112,
        'Sandwich Cordon Bleu',
        6.72,
        'https://tb-static.uber.com/prod/image-proc/processed_images/3906e31e8d2a9534841dbafa53ccdcd2/a19bb09692310dfd41e49a96c424b3a6.jpeg',
        'Kordon ble, fromaj, salat, tomat, onyon.'
    ),
    (
        113,
        'Berliner Kebap',
        7.52,
        'https://tb-static.uber.com/prod/image-proc/processed_images/0c18380c4b280583ba0880b5cb0a7e81/a19bb09692310dfd41e49a96c424b3a6.jpeg',
        'Melih bunu yutar aq'
    ),
    (
        114,
        'Otacos Taille L',
        8.32,
        'https://tb-static.uber.com/prod/image-proc/processed_images/068fbd6de495f8ddb5fc3f109bef900b/5954bcb006b10dbfd0bc160f6370faf3.jpeg',
        'unique mais pas trop'
    ),
    (
        115,
        'O''Bowl M',
        10.50,
        'https://tb-static.uber.com/prod/image-proc/processed_images/3ed06c3b13bff8c175f273c93f6e3095/5143f1e218c67c20fe5a4cd33d90b07b.jpeg',
        'pareil, unique mais pas trop'
    ),
    (
        116,
        'Menu chicken family',
        23.90,
        'https://tb-static.uber.com/prod/image-proc/processed_images/929407058f11ade8363de4782ebef433/a19bb09692310dfd41e49a96c424b3a6.jpeg',
        'Chicken fait maison'
    ),
    (
        117,
        'Menu wings',
        13.50,
        'https://tb-static.uber.com/prod/image-proc/processed_images/9b906e9358717168b7950edfbf33dfba/a19bb09692310dfd41e49a96c424b3a6.jpeg',
        'Poulet frais et marinade faite maison.'
    ),
    (
        118,
        'Menu enfant',
        9.50,
        'https://tb-static.uber.com/prod/image-proc/processed_images/e9cf326a13b7f6dacdc29b0e71b0cf49/a19bb09692310dfd41e49a96c424b3a6.jpeg',
        'nous aussi on peut ouu c''est que pour les enfants'
    ),
    (
        119,
        'Menu tacos montagnard',
        16.00,
        'https://tb-static.uber.com/prod/image-proc/processed_images/79c1f8ba11fc2e207c5e4339fed245b3/a19bb09692310dfd41e49a96c424b3a6.jpeg',
        'Double steak 80 g, bacon, cheddar, frites et sauce gruyère.  Servi avec frites et boisson.'
    ),
    (
        120,
        'Menu chili thai',
        16.00,
        'https://tb-static.uber.com/prod/image-proc/processed_images/45c0eac5773796394bb49b2318bb7221/a19bb09692310dfd41e49a96c424b3a6.jpeg',
        'Escalope de poulet, poivrons grillés, cheddar, frites et sauce thai. Servi avec boisson au choix.'
    ),
    (
        121,
        'Menu burger Ben''s chiken',
        13.00,
        'https://tb-static.uber.com/prod/image-proc/processed_images/7d0b58ac3cacaf90961cb240cbbaff1b/a19bb09692310dfd41e49a96c424b3a6.jpeg',
        'Poulet, salade, tomate et sauce curry. Servi avec frites et boisson au choix.'
    ),
    (
        122,
        '6 CHICKEN McNUGGETS',
        8.60,
        'https://tb-static.uber.com/prod/image-proc/processed_images/b97d23c2bb4870dc56a7406dbfc1ac7b/5143f1e218c67c20fe5a4cd33d90b07b.jpeg',
        '6 Spécialités panées au poulet'
    ),
    (
        123,
        'Tacos 3 viandes',
        13.40,
        'https://tb-static.uber.com/prod/image-proc/processed_images/a2848394329d34182a337ef776b4f95a/4218ca1d09174218364162cd0b1a8cc1.jpeg',
        'Garni de frites, sauce fromagère, 3 viandes et 1 sauce au choix. Servi avec 1 boisson 33 cl au choix.'
    ),
    (
        124,
        'Pizza orientale',
        15.50,
        'https://tb-static.uber.com/prod/image-proc/processed_images/d1a56aadd730aff5aa1cfa04ab335bfa/4218ca1d09174218364162cd0b1a8cc1.jpeg',
        'Pâte fraîche maison, Mozzarella, merguez, poivrons, oignons et œuf. Taille au choix.'
    ),
    (
        125,
        'Cheeseburger',
        7.40,
        'https://tb-static.uber.com/prod/image-proc/processed_images/47593abaf5f24e1ca03653a1023236a7/4218ca1d09174218364162cd0b1a8cc1.jpeg',
        'Steak 45,Cheddar, crudités et sauce au choix. Servi avec frites et 1 boisson 33 cl au choix.'
    ),
    (
        126,
        'Menu sandwich curry',
        10.50,
        'https://tb-static.uber.com/prod/image-proc/processed_images/a4516dc87e725ea2ed1344f9e689915d/4218ca1d09174218364162cd0b1a8cc1.jpeg',
        'Pain au choix, poulet curry, Cheddar, crudités et sauce au choix. Servi avec frites et 1 boisson 33 cl au choix.'
    ),
    (
        127,
        'Fajita',
        13.30,
        'https://tb-static.uber.com/prod/image-proc/processed_images/79d725738b429ad0fc33fb211a0d0d0e/5143f1e218c67c20fe5a4cd33d90b07b.jpeg',
        'Fajita à composer'
    ),
    (
        128,
        'Quesadillas',
        13.80,
        'https://tb-static.uber.com/prod/image-proc/processed_images/2cc96a53de190da8d9eea85ef56f141e/5143f1e218c67c20fe5a4cd33d90b07b.jpeg',
        'Le plat le plus cheeeeeeeesy de cette carte 🤤'
    ),
    (
        129,
        'Tacos mexicains',
        14.00,
        'https://tb-static.uber.com/prod/image-proc/processed_images/98f1b724eacae3e912f17e96ce5362eb/5143f1e218c67c20fe5a4cd33d90b07b.jpeg',
        'Ici on parle des VRAIS tacos'
    ),
    (
        130,
        'Tiramisu',
        4.50,
        'https://tb-static.uber.com/prod/image-proc/processed_images/d011606e1468ff3f444f4f494ae4fadd/5143f1e218c67c20fe5a4cd33d90b07b.jpeg',
        'Fait par nous, avec amour !'
    ),
    (
        131,
        'Assiette Bœuf Loc Lak',
        12.00,
        'https://tb-static.uber.com/prod/image-proc/processed_images/16503d47f835226132d72e16748fe087/7f4ae9ca0446cbc23e71d8d395a98428.jpeg',
        'Ce plat est accompagné de riz sauce tomate, concombres, tomates et œuf au plat'
    ),
    (
        132,
        'Nouilles Crevette',
        12.25,
        'https://tb-static.uber.com/prod/image-proc/processed_images/736a6f32eab31e97cafd3539cc34194e/7f4ae9ca0446cbc23e71d8d395a98428.jpeg',
        'Nouilles à la crevette'
    ),
    (
        133,
        'Nem Poulet',
        1.40,
        'https://tb-static.uber.com/prod/image-proc/processed_images/b07a85d2b86352dabec11b21b0ed2f15/7f4ae9ca0446cbc23e71d8d395a98428.jpeg',
        '1 pièce'
    ),
    (
        134,
        'Bibimbap au porc sauté pimenté',
        15.00,
        'https://tb-static.uber.com/prod/image-proc/processed_images/e68370e0385db8909744cbf1136db759/a19bb09692310dfd41e49a96c424b3a6.jpeg',
        'Bol de riz mélangé aux légumes.'
    ),
    (
        135,
        'Doeuji boulkogi',
        15.90,
        'https://tb-static.uber.com/prod/image-proc/processed_images/c8917635f34a556b25e8c60c3eeebc10/a19bb09692310dfd41e49a96c424b3a6.jpeg',
        'Porc sauté pimenté aux oignons.'
    ),
    (
        136,
        'Kounmandou',
        8.00,
        'https://d1ralsognjng37.cloudfront.net/913acc55-ca81-4d2e-b741-2c4db818ed97.jpeg',
        'raviolis frits au poulet et légumes.'
    ),
    (
        137,
        'Classic NY Burger',
        12.90,
        'https://tb-static.uber.com/prod/image-proc/processed_images/13fd404291ad267c08d1e4d2b8ed6f0b/58f691da9eaef86b0b51f9b2c483fe63.jpeg',
        'Steak haché VBF, salade verte, tomates, oignons caramélisés, cheddar et ketchup maison.'
    ),
    (
        138,
        'Dow Jones Hot-dog',
        5.90,
        'https://tb-static.uber.com/prod/image-proc/processed_images/5e920891d8d95a254c6de98441bf5fd5/58f691da9eaef86b0b51f9b2c483fe63.jpeg',
        'Pain brioché, saucisse de porc, oignons frits, bacon, cheddar et barbecue maison.'
    ),
    (
        139,
        'Super Brownie',
        7.50,
        'https://tb-static.uber.com/prod/image-proc/processed_images/d60aefb5e733cd29407e2a54e4879a53/58f691da9eaef86b0b51f9b2c483fe63.jpeg',
        'Brownie aux noix de pécan.'
    ),
    (
        140,
        'Pita kotópoulo',
        10.40,
        'https://tb-static.uber.com/prod/image-proc/processed_images/b7da6fcc6608e92b12d03d274af3900a/a19bb09692310dfd41e49a96c424b3a6.jpeg',
        'Pita, souvlaki poulet halal marinée, garniture, frites et tzatziki.'
    ),
    (
        141,
        'Grande salade grecque',
        9.00,
        'https://tb-static.uber.com/prod/image-proc/processed_images/20eaf96d9f92c683bf4a0c8047ee4f36/a19bb09692310dfd41e49a96c424b3a6.jpeg',
        'Salade grecque maison.'
    ),
    (
        142,
        'Yaourt grec cerises confites et sirop',
        5.00,
        'https://tb-static.uber.com/prod/image-proc/processed_images/9f4e914a798fa40e5dc84cce8c4bac36/a19bb09692310dfd41e49a96c424b3a6.jpeg',
        'Dessert grec'
    ),
    (
        143,
        'Kazdal Poulet Avocat',
        12.90,
        'https://tb-static.uber.com/prod/image-proc/processed_images/d6c634162c2256bfa53410ee5b79fcfc/58f691da9eaef86b0b51f9b2c483fe63.jpeg',
        'Msemen artisanal, poulet mariné maison, avocat, tomates cerises, oignons frits, mechouia, sauce fromagère citronnée maison et garni de frites fraîches aux épices.'
    ),
    (
        144,
        'Formule',
        19.90,
        'https://tb-static.uber.com/prod/image-proc/processed_images/91d788491eaf52dc6118643377006d62/58f691da9eaef86b0b51f9b2c483fe63.jpeg',
        '1 Kazdal + 1 accompagnement + 1 boisson.'
    ),
    (
        145,
        'Kazdal Thon Harissa',
        12.90,
        'https://tb-static.uber.com/prod/image-proc/processed_images/44d167eaee3003e045674c3d30b2620a/58f691da9eaef86b0b51f9b2c483fe63.jpeg',
        'Msemen artisanal, thon, œuf dur, tomates cerises, olives noires, huile d''olive, sauce mayo, harissa et garni de frites fraîches aux épices.'
    ),
    (
        146,
        'Msemen Spéculoos',
        5.90,
        'https://tb-static.uber.com/prod/image-proc/processed_images/263d699fe3946d977d3e54e6eb28b8c3/58f691da9eaef86b0b51f9b2c483fe63.jpeg',
        'Msemen artisanal et crème de Spéculoos'
    ),
    (
        147,
        'Menu DEMI-POULET',
        14.00,
        'https://tb-static.uber.com/prod/image-proc/processed_images/40db93867eafa9a03921e56c48be5b24/4218ca1d09174218364162cd0b1a8cc1.jpeg',
        'Demi-poulet, servi avec 1 barquette et 1 boisson 33 cl au choix.'
    ),
    (
        148,
        'Poulet entier',
        13.50,
        'https://tb-static.uber.com/prod/image-proc/processed_images/7e3c37e5cf455e8f3aca2559f66c2191/a19bb09692310dfd41e49a96c424b3a6.jpeg',
        'Poulet entier en crapaudine rôti avec notre épice rosti poulet.'
    ),
    (
        149,
        'Menu ROSTI 1',
        11.50,
        'https://tb-static.uber.com/prod/image-proc/processed_images/3dcb928ce66493469702d05a79aa4125/4218ca1d09174218364162cd0b1a8cc1.jpeg',
        '1 plat au choix (1 cuisse OU 2 pilons OU 4 ailes OU 1 escalope milanaise OU 2 saucisses), servi avec 1 barquette et 1 boisson 33 cl au choix'
    ),
    (
        150,
        'Formule Burger Midi et Soir',
        17.50,
        'https://tb-static.uber.com/prod/image-proc/processed_images/16db6765d2c25acd49c6dbbac9fff4b3/5954bcb006b10dbfd0bc160f6370faf3.jpeg',
        'Un burger, un accompagnement et une boisson au choix.'
    ),
    (
        151,
        'Steak Frites',
        16.90,
        'https://tb-static.uber.com/prod/image-proc/processed_images/c53287156970828ba9ca6c805d0bb10c/5954bcb006b10dbfd0bc160f6370faf3.jpeg',
        'Pavé de steak Label Rouge servi avec ses frites et sa sauce maison.'
    ),
    (
        152,
        'Le Marcel Jackson Veggie',
        14.50,
        'https://tb-static.uber.com/prod/image-proc/processed_images/92cf82dc56adeef66b67af34dcb26482/5954bcb006b10dbfd0bc160f6370faf3.jpeg',
        'Galette de légumes, Bacon végétal LAVIE, Cheddar, Oignons frits, Salade, & Sauce Barbecue KM (Steak végétal HAPPYVORE en option).'
    ),
    (
        153,
        'Menu - Tacos sur mesure',
        13.50,
        'https://tb-static.uber.com/prod/image-proc/processed_images/e65a1f92628e397ed7d28fe966fbc937/5954bcb006b10dbfd0bc160f6370faf3.jpeg',
        '1 Tacos servi avec Boisson ! Galette de farine de blé au four,  garni avec la recette de ton choix,  « à l’ancienne » Salade, tomate et oignon ou « Original Tw » avec chackchouka maison poêlé de légume à base de tomate poivron et oignon, d’une sauce fromagère maison, de frite, viande et sauces aux choix.'
    ),
    (
        154,
        'Tacos Gratiné sur mesure',
        11.50,
        'https://tb-static.uber.com/prod/image-proc/processed_images/0b15385b5317553bdb63739901938219/5954bcb006b10dbfd0bc160f6370faf3.jpeg',
        'Galette de farine de blé au four,  garni avec la recette de ton choix,  « à l’ancienne » Salade, tomate et oignon ou « Original Tw » avec chackchouka maison poêlé de légume à base de tomate poivron et oignon, d’une sauce fromagère maison, de frite, viande, gratinage et sauces aux choix'
    ),
    (
        155,
        'Onion rings',
        5.00,
        'https://tb-static.uber.com/prod/image-proc/processed_images/9f09f3d0ab6e69598f1fd5a8b4239f7d/5954bcb006b10dbfd0bc160f6370faf3.jpeg',
        'Onion rings'
    );
INSERT INTO CARTE_BANCAIRE (
        IDCB,
        NUMEROCB,
        DATEEXPIRECB,
        CRYPTOGRAMME,
        TYPECARTE,
        TYPERESEAUX
    )
VALUES (
        1,
        1234567890123456,
        '2027-05-31',
        789,
        'Crédit',
        'Visa'
    ),
    (
        2,
        9876543210987654,
        '2028-11-30',
        234,
        'Débit',
        'MasterCard'
    ),
    (
        3,
        1234123412341234,
        '2026-07-15',
        567,
        'Crédit',
        'Visa'
    ),
    (
        4,
        4321432143214321,
        '2029-09-28',
        890,
        'Débit',
        'MasterCard'
    ),
    (
        5,
        8765876587658765,
        '2025-03-20',
        123,
        'Crédit',
        'Visa'
    ),
    (
        6,
        5678567856785678,
        '2028-12-31',
        345,
        'Débit',
        'MasterCard'
    ),
    (
        7,
        3456345634563456,
        '2027-08-30',
        678,
        'Crédit',
        'Visa'
    ),
    (
        8,
        2345234523452345,
        '2026-04-15',
        456,
        'Débit',
        'MasterCard'
    ),
    (
        9,
        9876987698769876,
        '2029-02-28',
        789,
        'Crédit',
        'Visa'
    ),
    (
        10,
        6543654365436543,
        '2030-01-31',
        234,
        'Débit',
        'MasterCard'
    );
INSERT INTO ENTREPRISE (
        IDENTREPRISE,
        IDADRESSE,
        SIRETENTREPRISE,
        NOMENTREPRISE,
        TAILLE
    )
VALUES (
        1,
        1,
        '12345678901234',
        'Innovatech Solutions',
        'PME'
    ),
    (
        2,
        2,
        '23456789012345',
        'Delta Industries',
        'ETI'
    ),
    (
        3,
        3,
        '34567890123456',
        'Global Enterprises Group',
        'GE'
    ),
    (
        4,
        4,
        '45678901234567',
        'ProgresTech Systems',
        'PME'
    ),
    (
        5,
        5,
        '56789012345678',
        'TechnoFuture Partners',
        'ETI'
    ),
    (6, 6, '67890123456789', 'Excel Industries', 'GE'),
    (
        7,
        7,
        '78901234567890',
        'Horizon Dynamics',
        'PME'
    ),
    (
        8,
        8,
        '89012345678901',
        'Visionary Enterprises',
        'ETI'
    ),
    (
        9,
        9,
        '90123456789012',
        'Strategic Growth Group',
        'GE'
    ),
    (
        10,
        10,
        '01234567890123',
        'NexGen Tech Solutions',
        'PME'
    ),
    (
        11,
        11,
        '12345678901234',
        'Inspire Technologies',
        'ETI'
    ),
    (12, 12, '23456789012345', 'Optima Systems', 'GE'),
    (
        13,
        13,
        '34567890123456',
        'Advanced Robotics Corp',
        'PME'
    ),
    (
        14,
        14,
        '45678901234567',
        'Novatek Industries',
        'ETI'
    ),
    (
        15,
        15,
        '56789012345678',
        'Pinnacle Ventures',
        'GE'
    ),
    (
        16,
        16,
        '67890123456789',
        'Elite Innovations',
        'PME'
    ),
    (
        17,
        17,
        '78901234567890',
        'BlueWave Technologies',
        'ETI'
    ),
    (
        18,
        18,
        '89012345678901',
        'Synergy Enterprises',
        'GE'
    ),
    (
        19,
        19,
        '90123456789012',
        'TechnoCraft Solutions',
        'PME'
    ),
    (
        20,
        20,
        '01234567890123',
        'Optimum Innovations',
        'ETI'
    ),
    (
        21,
        21,
        '11223344567890',
        'Innovative Tech Solutions',
        'PME'
    ),
    (
        22,
        22,
        '22334455678901',
        'Future Vision Industries',
        'ETI'
    ),
    (
        23,
        23,
        '33445566789012',
        'GreenTech Innovations',
        'GE'
    ),
    (
        24,
        24,
        '44556677890123',
        'Urban Tech Labs',
        'PME'
    ),
    (
        25,
        25,
        '55667788901234',
        'NextEra Enterprises',
        'ETI'
    ),
    (26, 26, '66778899012345', 'Redwood Global', 'GE'),
    (
        27,
        27,
        '77889900123456',
        'TechnoPrime Industries',
        'PME'
    ),
    (
        28,
        28,
        '88990011234567',
        'CyberNova Solutions',
        'ETI'
    ),
    (
        29,
        29,
        '99001122345678',
        'Advanced Dynamics Corp',
        'GE'
    ),
    (
        30,
        30,
        '10111223345689',
        'TechLink Systems',
        'PME'
    ),
    (
        31,
        31,
        '21222334456790',
        'Digital Horizon Enterprises',
        'ETI'
    ),
    (
        32,
        32,
        '32333445567801',
        'Pioneering Tech Solutions',
        'GE'
    ),
    (
        33,
        33,
        '43444556678912',
        'Quantum Technologies',
        'PME'
    ),
    (
        34,
        34,
        '54555667789023',
        'MetaVision Systems',
        'ETI'
    ),
    (
        35,
        35,
        '65666778890134',
        'Skyline Innovations',
        'GE'
    ),
    (
        36,
        36,
        '76777889901245',
        'OptimaTech Labs',
        'PME'
    ),
    (
        37,
        37,
        '87888990012356',
        'FutureWave Technologies',
        'ETI'
    ),
    (
        38,
        38,
        '98990001123467',
        'PrimeWave Enterprises',
        'GE'
    ),
    (
        39,
        39,
        '10010111234578',
        'TetraTech Systems',
        'PME'
    ),
    (
        40,
        40,
        '21122333445689',
        'TechFlux Solutions',
        'ETI'
    );
INSERT INTO CLIENT (
        IDCLIENT,
        IDENTREPRISE,
        IDADRESSE,
        GENREUSER,
        NOMUSER,
        PRENOMUSER,
        DATENAISSANCE,
        TELEPHONE,
        EMAILUSER,
        MOTDEPASSEUSER,
        PHOTOPROFILE,
        SOUHAITERECEVOIRBONPLAN,
        TYPECLIENT
    )
VALUES (
        1,
        1,
        1,
        'Monsieur',
        'Dupond',
        'Jean',
        '1990-03-15',
        '0612345678',
        'jean.dupond@example.com',
        'password123',
        '',
        FALSE,
        'Uber'
    ),
    (
        2,
        2,
        2,
        'Madame',
        'Martin',
        'Claire',
        '1985-07-20',
        '0612345679',
        'claire.martin@example.com',
        'password456',
        '',
        FALSE,
        'Uber Eats'
    ),
    (
        3,
        3,
        3,
        'Monsieur',
        'Durand',
        'Paul',
        '1988-10-05',
        '0612345680',
        'paul.durand@example.com',
        'password789',
        '',
        FALSE,
        'Uber'
    ),
    (
        4,
        4,
        4,
        'Madame',
        'Bernard',
        'Sophie',
        '1992-12-10',
        '0612345681',
        'sophie.bernard1@example.com',
        'password101',
        '',
        FALSE,
        'Uber Eats'
    ),
    (
        5,
        5,
        5,
        'Monsieur',
        'Lemoine',
        'Alexandre',
        '1987-01-25',
        '0612345682',
        'alexandre.lemoine@example.com',
        'password202',
        '',
        FALSE,
        'Uber'
    ),
    (
        6,
        6,
        6,
        'Madame',
        'Petit',
        'Lucie',
        '1995-03-16',
        '0612345683',
        'lucie.petit@example.com',
        'password303',
        '',
        FALSE,
        'Uber Eats'
    ),
    (
        7,
        7,
        7,
        'Monsieur',
        'Lemoine',
        'Thomas',
        '1980-08-09',
        '0612345684',
        'thomas.lemoine@example.com',
        'password404',
        '',
        FALSE,
        'Uber'
    ),
    (
        8,
        8,
        8,
        'Madame',
        'Lemoine',
        'Marie',
        '1998-12-02',
        '0612345685',
        'marie.lemoine@example.com',
        'password505',
        '',
        FALSE,
        'Uber Eats'
    ),
    (
        9,
        9,
        9,
        'Monsieur',
        'Benoit',
        'Philippe',
        '1992-05-22',
        '0612345686',
        'philippe.benoit@example.com',
        'password606',
        '',
        FALSE,
        'Uber'
    ),
    (
        10,
        10,
        10,
        'Madame',
        'Lemoine',
        'Sophie',
        '1995-07-11',
        '0612345687',
        'sophie.lemoine@example.com',
        'password707',
        '',
        FALSE,
        'Uber Eats'
    ),
    (
        11,
        11,
        11,
        'Monsieur',
        'Garcia',
        'Carlos',
        '1993-09-14',
        '0612345688',
        'carlos.garcia@example.com',
        'password808',
        '',
        FALSE,
        'Uber'
    ),
    (
        12,
        12,
        12,
        'Madame',
        'Lemoine',
        'Anna',
        '1986-11-30',
        '0612345689',
        'anna.lemoine@example.com',
        'password909',
        '',
        FALSE,
        'Uber Eats'
    ),
    (
        13,
        13,
        13,
        'Monsieur',
        'Garcia',
        'Diego',
        '1984-01-19',
        '0612345690',
        'diego.garcia@example.com',
        'password010',
        '',
        FALSE,
        'Uber'
    ),
    (
        14,
        14,
        14,
        'Madame',
        'Bernard',
        'Hélène',
        '1999-02-28',
        '0612345691',
        'helene.bernard@example.com',
        'password121',
        '',
        FALSE,
        'Uber Eats'
    ),
    (
        15,
        15,
        15,
        'Monsieur',
        'Dupont',
        'Pierre',
        '1991-05-13',
        '0612345692',
        'pierre.dupont@example.com',
        'password232',
        '',
        FALSE,
        'Uber'
    ),
    (
        16,
        16,
        16,
        'Madame',
        'Durand',
        'Julie',
        '1994-03-30',
        '0612345693',
        'julie.durand@example.com',
        'password343',
        '',
        FALSE,
        'Uber Eats'
    ),
    (
        17,
        17,
        17,
        'Monsieur',
        'Lemoine',
        'Benjamin',
        '1989-06-20',
        '0612345694',
        'benjamin.lemoine@example.com',
        'password454',
        '',
        FALSE,
        'Uber'
    ),
    (
        18,
        18,
        18,
        'Madame',
        'Lemoine',
        'Claire',
        '1983-09-07',
        '0612345695',
        'claire.lemoine@example.com',
        'password565',
        '',
        FALSE,
        'Uber Eats'
    ),
    (
        19,
        19,
        19,
        'Monsieur',
        'Lemainne',
        'Julien',
        '1987-12-11',
        '0612345696',
        'julien.lemaine@example.com',
        'password676',
        '',
        FALSE,
        'Uber'
    ),
    (
        20,
        20,
        6,
        'Madame',
        'Bernard',
        'Sophie',
        '1991-01-14',
        '0612345697',
        'sophie.bernard@example.com',
        'password787',
        '',
        FALSE,
        'Uber Eats'
    ),
    (
        21,
        NULL,
        1,
        'Monsieur',
        'Gomez',
        'Antoine',
        '1992-08-18',
        '0612345698',
        'antoine.gomez@example.com',
        'password898',
        '',
        FALSE,
        'Uber'
    ),
    (
        22,
        NULL,
        2,
        'Madame',
        'Lemoine',
        'Isabelle',
        '1994-11-23',
        '0612345699',
        'isabelle.lemoine@example.com',
        'password009',
        '',
        FALSE,
        'Uber Eats'
    ),
    (
        23,
        NULL,
        3,
        'Monsieur',
        'Dupont',
        'Frédéric',
        '1985-04-12',
        '0612345700',
        'frederic.dupont@example.com',
        'password110',
        '',
        FALSE,
        'Uber'
    ),
    (
        24,
        NULL,
        4,
        'Madame',
        'Garcia',
        'Laura',
        '1987-06-03',
        '0612345701',
        'laura.garcia@example.com',
        'password221',
        '',
        FALSE,
        'Uber Eats'
    ),
    (
        25,
        NULL,
        5,
        'Monsieur',
        'Benoit',
        'Eric',
        '1990-09-27',
        '0612345702',
        'eric.benoit@example.com',
        'password332',
        '',
        FALSE,
        'Uber'
    ),
    (
        26,
        NULL,
        6,
        'Madame',
        'Lemoine',
        'Margaux',
        '1993-01-14',
        '0612345703',
        'margaux.lemoine@example.com',
        'password443',
        '',
        TRUE,
        'Uber Eats'
    ),
    (
        27,
        NULL,
        7,
        'Monsieur',
        'Dupont',
        'Jacques',
        '1996-05-21',
        '0612345704',
        'jacques.dupont@example.com',
        'password554',
        '',
        FALSE,
        'Uber'
    ),
    (
        28,
        NULL,
        8,
        'Madame',
        'Bernard',
        'Marion',
        '1999-02-05',
        '0612345705',
        'marion.bernard@example.com',
        'password665',
        '',
        TRUE,
        'Uber Eats'
    ),
    (
        29,
        NULL,
        9,
        'Monsieur',
        'Durand',
        'Victor',
        '1991-11-30',
        '0612345706',
        'victor.durand@example.com',
        'password776',
        '',
        FALSE,
        'Uber'
    ),
    (
        30,
        NULL,
        2,
        'Madame',
        'Lemoine',
        'Audrey',
        '1988-07-17',
        '0612345707',
        'audrey.lemoine@example.com',
        'password887',
        '',
        FALSE,
        'Uber Eats'
    ),
    (
        31,
        NULL,
        1,
        'Monsieur',
        'Gomez',
        'Maxime',
        '1995-03-19',
        '0612345708',
        'maxime.gomez@example.com',
        'password998',
        '',
        FALSE,
        'Uber'
    ),
    (
        32,
        NULL,
        2,
        'Madame',
        'Martin',
        'Sophie',
        '1990-06-28',
        '0612345709',
        'sophie.martin@example.com',
        'password009',
        '',
        TRUE,
        'Uber Eats'
    ),
    (
        33,
        NULL,
        3,
        'Monsieur',
        'Lemoine',
        'Julien',
        '1992-11-11',
        '0612345710',
        'julien.lemoine@example.com',
        'password110',
        '',
        FALSE,
        'Uber'
    ),
    (
        34,
        NULL,
        4,
        'Madame',
        'Petit',
        'Amélie',
        '1989-03-15',
        '0612345711',
        'amelie.petit@example.com',
        'password221',
        '',
        TRUE,
        'Uber Eats'
    ),
    (
        35,
        NULL,
        5,
        'Monsieur',
        'Lemoine',
        'Laurent',
        '1997-06-23',
        '0612345712',
        'laurent.lemoine@example.com',
        'password332',
        '',
        FALSE,
        'Uber'
    ),
    (
        36,
        NULL,
        6,
        'Madame',
        'Durand',
        'Catherine',
        '1994-10-07',
        '0612345713',
        'catherine.durand@example.com',
        'password443',
        '',
        TRUE,
        'Uber Eats'
    ),
    (
        37,
        NULL,
        7,
        'Monsieur',
        'Gomez',
        'Lucas',
        '1986-12-19',
        '0612345714',
        'lucas.gomez@example.com',
        'password554',
        '',
        FALSE,
        'Uber'
    ),
    (
        38,
        NULL,
        8,
        'Madame',
        'Benoit',
        'Amandine',
        '1991-04-01',
        '0612345715',
        'amandine.benoit@example.com',
        'password665',
        '',
        FALSE,
        'Uber Eats'
    ),
    (
        39,
        NULL,
        9,
        'Monsieur',
        'Garcia',
        'Julien',
        '1993-08-10',
        '0612345716',
        'julien.garcia@example.com',
        'password776',
        '',
        FALSE,
        'Uber'
    ),
    (
        40,
        NULL,
        3,
        'Madame',
        'Lemoine',
        'Estelle',
        '1996-09-23',
        '0612345717',
        'estelle.lemoine@example.com',
        'password887',
        '',
        FALSE,
        'Uber Eats'
    ),
    (
        41,
        NULL,
        1,
        'Monsieur',
        'Lemoine',
        'Frederic',
        '1994-05-14',
        '0612345718',
        'frederic.lemoine@example.com',
        'password998',
        '',
        FALSE,
        'Uber'
    ),
    (
        42,
        NULL,
        2,
        'Madame',
        'Garcia',
        'Céline',
        '1988-01-25',
        '0612345719',
        'celine.garcia@example.com',
        'password009',
        '',
        FALSE,
        'Uber Eats'
    ),
    (
        43,
        NULL,
        3,
        'Monsieur',
        'Dupont',
        'Victor',
        '1992-12-03',
        '0612345720',
        'victor.dupont@example.com',
        'password110',
        '',
        FALSE,
        'Uber'
    ),
    (
        44,
        NULL,
        4,
        'Madame',
        'Lemoine',
        'Valérie',
        '1993-11-28',
        '0612345721',
        'valerie.lemoine@example.com',
        'password221',
        '',
        TRUE,
        'Uber Eats'
    ),
    (
        45,
        NULL,
        5,
        'Monsieur',
        'Benoit',
        'Louis',
        '1987-10-10',
        '0612345722',
        'louis.benoit@example.com',
        'password332',
        '',
        FALSE,
        'Uber'
    ),
    (
        46,
        NULL,
        6,
        'Madame',
        'Martine',
        'Sophie',
        '1984-08-21',
        '0612345723',
        'sophie.martine@example.com',
        'password443',
        '',
        TRUE,
        'Uber Eats'
    ),
    (
        47,
        NULL,
        7,
        'Monsieur',
        'Lemoine',
        'Pierre',
        '1990-03-01',
        '0612345724',
        'pierre.lemoine@example.com',
        'password554',
        '',
        FALSE,
        'Uber'
    ),
    (
        48,
        NULL,
        8,
        'Madame',
        'Bernard',
        'Laure',
        '1991-11-14',
        '0612345725',
        'laure.bernard@example.com',
        'password665',
        '',
        FALSE,
        'Uber Eats'
    ),
    (
        49,
        NULL,
        9,
        'Monsieur',
        'Garcia',
        'Rafael',
        '1994-06-30',
        '0612345726',
        'rafael.garcia@example.com',
        'password776',
        '',
        FALSE,
        'Uber'
    ),
    (
        50,
        NULL,
        1,
        'Madame',
        'Lemoine',
        'Solène',
        '1993-12-09',
        '0612345727',
        'solene.lemoine@example.com',
        'password887',
        '',
        TRUE,
        'Uber Eats'
    );
INSERT INTO APPARTIENT_2 (IDCB, IDCLIENT)
VALUES (1, 1),
    (2, 2),
    (3, 3),
    (4, 4),
    (5, 5),
    (6, 6),
    (7, 7),
    (8, 8),
    (9, 9),
    (10, 10);
INSERT INTO LIEU_FAVORI (IDLIEUFAVORI, IDCLIENT, IDADRESSE, NOMLIEU)
VALUES (1, 1, 1, 'Maison'),
    (2, 1, 3, 'Travail'),
    (3, 2, 2, 'Maison'),
    (4, 2, 5, 'Gym'),
    (5, 3, 6, 'Maison'),
    (6, 4, 8, 'Travail'),
    (7, 5, 10, 'Maison'),
    (8, 6, 12, 'Restaurant préféré'),
    (9, 7, 15, 'Maison'),
    (10, 8, 18, 'Café favori'),
    (11, 9, 19, 'Maison'),
    (12, 10, 21, 'Bibliothèque'),
    (13, 11, 25, 'Maison'),
    (14, 12, 28, 'Ecole'),
    (15, 13, 30, 'Maison'),
    (16, 14, 35, 'Piscine'),
    (17, 15, 40, 'Maison'),
    (18, 16, 41, 'Parc'),
    (19, 17, 42, 'Maison'),
    (20, 18, 45, 'Cinéma');
INSERT INTO COURSIER (
        IDCOURSIER,
        IDENTREPRISE,
        IDADRESSE,
        GENREUSER,
        NOMUSER,
        PRENOMUSER,
        DATENAISSANCE,
        TELEPHONE,
        EMAILUSER,
        MOTDEPASSEUSER,
        NUMEROCARTEVTC,
        IBAN,
        DATEDEBUTACTIVITE,
        NOTEMOYENNE
    )
VALUES (
        1,
        1,
        108,
        'Monsieur',
        'Martin',
        'Pierre',
        '1985-06-12',
        '0612345678',
        'pierre.martin@example.com',
        'password123',
        '123456789012',
        NULL,
        NULL,
        NULL
    ),
    (
        2,
        2,
        124,
        'Monsieur',
        'Dupont',
        'Paul',
        '1990-09-05',
        '0623456789',
        'paul.dupont@example.com',
        'password456',
        '112312312312',
        NULL,
        NULL,
        NULL
    ),
    (
        3,
        3,
        121,
        'Monsieur',
        'Lemoine',
        'Luc',
        '1992-11-22',
        '0634567890',
        'luc.lemoine@example.com',
        'password789',
        '112312312351',
        'FR7634567890123456789012345',
        '2022-05-01',
        4.5
    ),
    (
        4,
        4,
        130,
        'Monsieur',
        'Lopez',
        'Marc',
        '1988-02-17',
        '0645678901',
        'marc.lopez@example.com',
        'password101',
        '148512314561',
        NULL,
        NULL,
        NULL
    ),
    (
        5,
        5,
        127,
        'Monsieur',
        'Thomson',
        'David',
        '1987-03-30',
        '0656789012',
        'david.thomson@example.com',
        'password202',
        '112233445566',
        NULL,
        NULL,
        NULL
    ),
    (
        6,
        6,
        128,
        'Madame',
        'Tinastepe',
        'Feyza',
        '1983-12-14',
        '0667890123',
        'feyza.tinastepe@example.com',
        'password303',
        '112233445567',
        NULL,
        NULL,
        NULL
    ),
    (
        7,
        7,
        1,
        'Monsieur',
        'Amaral',
        'Nathan',
        '1991-05-20',
        '0678901234',
        'nathan.amaral@example.com',
        'password404',
        '112233445568',
        NULL,
        NULL,
        NULL
    ),
    (
        8,
        8,
        10,
        'Monsieur',
        'Petit',
        'François',
        '1993-07-09',
        '0689012345',
        'francois.petit@example.com',
        'password505',
        '112233445569',
        NULL,
        NULL,
        NULL
    ),
    (
        9,
        9,
        20,
        'Monsieur',
        'Girard',
        'Eric',
        '1984-01-29',
        '0690123456',
        'eric.girard@example.com',
        'password606',
        '112233445570',
        NULL,
        NULL,
        NULL
    ),
    (
        10,
        10,
        30,
        'Monsieur',
        'Faure',
        'Pierre',
        '1986-10-21',
        '0701234567',
        'pierre.faure@example.com',
        'password707',
        '112233445571',
        NULL,
        NULL,
        NULL
    ),
    (
        11,
        11,
        40,
        'Monsieur',
        'Cetinkaya',
        'Melih',
        '1995-01-12',
        '0712345678',
        'melih.cetinkaya@example.com',
        'password808',
        '112312312525',
        'FR7712345678901234567890123',
        '2021-06-01',
        4.6
    ),
    (
        12,
        12,
        50,
        'Monsieur',
        'Bekhouche',
        'Amir',
        '1989-03-18',
        '0723456789',
        'amir.bekhouche@example.com',
        'password909',
        '112233445573',
        NULL,
        NULL,
        NULL
    ),
    (
        13,
        13,
        60,
        'Monsieur',
        'Lemoine',
        'Henri',
        '1994-07-25',
        '0734567890',
        'henri.lemoine@example.com',
        'password010',
        '112233445574',
        NULL,
        NULL,
        NULL
    ),
    (
        14,
        14,
        70,
        'Monsieur',
        'Robert',
        'Maxime',
        '1981-09-03',
        '0745678901',
        'maxime.robert@example.com',
        'password111',
        '112233555574',
        'FR7745678901234567890123456',
        '2022-09-10',
        4.0
    ),
    (
        15,
        15,
        80,
        'Monsieur',
        'Giraud',
        'Samuel',
        '1986-04-14',
        '0756789012',
        'samuel.giraud@example.com',
        'password222',
        '112333555574',
        'FR7756789012345678901234567',
        '2023-01-15',
        4.8
    ),
    (
        16,
        16,
        90,
        'Monsieur',
        'Marchand',
        'Thierry',
        '1988-12-28',
        '0767890123',
        'thierry.marchand@example.com',
        'password333',
        '112233445577',
        NULL,
        NULL,
        NULL
    ),
    (
        17,
        17,
        100,
        'Monsieur',
        'Duval',
        'Olivier',
        '1992-08-22',
        '0778901234',
        'olivier.duval@example.com',
        'password444',
        '112233445578',
        NULL,
        NULL,
        NULL
    ),
    (
        18,
        18,
        110,
        'Monsieur',
        'Perrot',
        'Michel',
        '1987-06-10',
        '0789012345',
        'michel.perrot@example.com',
        'password555',
        '112233445579',
        NULL,
        NULL,
        NULL
    ),
    (
        19,
        19,
        120,
        'Monsieur',
        'Martin',
        'Jacques',
        '1990-10-15',
        '0790123456',
        'jacques.martin@example.com',
        'password666',
        '112233445580',
        NULL,
        NULL,
        NULL
    ),
    (
        20,
        20,
        130,
        'Monsieur',
        'Leroy',
        'Pierre',
        '1982-12-08',
        '0701234567',
        'pierre.leroy@example.com',
        'password777',
        '112233445590',
        'FR7801234567890123456789012',
        '2020-04-05',
        4.6
    ),
    (
        21,
        1,
        2,
        'Monsieur',
        'Fournier',
        'Julien',
        '1989-11-03',
        '0712345678',
        'julien.fournier@example.com',
        'password888',
        '112233445582',
        NULL,
        NULL,
        NULL
    ),
    (
        22,
        2,
        11,
        'Monsieur',
        'Hebert',
        'Alain',
        '1985-04-06',
        '0623456789',
        'alain.hebert@example.com',
        'password999',
        '112233335582',
        'FR7823456789012345678901234',
        '2023-02-10',
        4.3
    ),
    (
        23,
        3,
        21,
        'Monsieur',
        'Lemoine',
        'Vincent',
        '1991-05-12',
        '0734567890',
        'vincent.lemoine@example.com',
        'password000',
        '112233445584',
        NULL,
        NULL,
        NULL
    ),
    (
        24,
        4,
        41,
        'Monsieur',
        'Robert',
        'Louis',
        '1986-10-14',
        '0745678901',
        'louis.robert@example.com',
        'password111',
        '112863445582',
        'FR7845678901234567890123456',
        '2021-12-25',
        4.5
    ),
    (
        25,
        5,
        51,
        'Monsieur',
        'Perrin',
        'Claude',
        '1988-01-22',
        '0656789012',
        'claude.perrin@example.com',
        'password222',
        '112233445586',
        NULL,
        NULL,
        NULL
    ),
    (
        26,
        6,
        61,
        'Monsieur',
        'Leclerc',
        'Gérard',
        '1993-05-30',
        '0767890123',
        'gerard.leclerc@example.com',
        'password333',
        '119933445582',
        'FR7867890123456789012345678',
        '2023-08-15',
        4.1
    ),
    (
        27,
        7,
        71,
        'Monsieur',
        'Hamon',
        'Antoine',
        '1990-02-18',
        '0678901234',
        'antoine.hamon@example.com',
        'password444',
        '112233445588',
        NULL,
        NULL,
        NULL
    ),
    (
        28,
        8,
        81,
        'Monsieur',
        'Faure',
        'François',
        '1982-11-29',
        '0789012345',
        'francois.faure@example.com',
        'password555',
        '198233445588',
        'FR7889012345458901234567890',
        '2021-06-30',
        4.2
    ),
    (
        29,
        9,
        91,
        'Monsieur',
        'Vidal',
        'Bruno',
        '1994-04-21',
        '0790123456',
        'bruno.vidal@example.com',
        'password666',
        '112323445582',
        'FR7890123456789012345678901',
        '2022-03-15',
        4.7
    ),
    (
        30,
        10,
        101,
        'Monsieur',
        'Gauthier',
        'Denis',
        '1987-02-09',
        '0701234567',
        'denis.gauthier@example.com',
        'password777',
        '112233445591',
        NULL,
        NULL,
        NULL
    ),
    (
        31,
        20,
        1,
        'Madame',
        'Girard',
        'Marie',
        '1966-08-01',
        '0631513814',
        'marie.girard@example.com',
        'password123',
        '112233445592',
        NULL,
        NULL,
        NULL
    ),
    (
        32,
        21,
        2,
        'Madame',
        'Nazar',
        'Mashovets',
        '1982-09-16',
        '0623722186',
        'nazar.mashovets@example.com',
        'password123',
        '112233445593',
        NULL,
        NULL,
        NULL
    ),
    (
        33,
        22,
        3,
        'Madame',
        'Morel',
        'Sophie',
        '1991-09-16',
        '0654961949',
        'sophie.morel@example.com',
        'password123',
        '112233445594',
        NULL,
        NULL,
        NULL
    ),
    (
        34,
        23,
        4,
        'Madame',
        'Lefevre',
        'Julien',
        '1966-03-23',
        '0648631976',
        'julien.lefevre@example.com',
        'password123',
        '112233445595',
        NULL,
        NULL,
        NULL
    ),
    (
        35,
        24,
        5,
        'Monsieur',
        'Simone',
        'Lucie',
        '1983-06-26',
        '0683598903',
        'lucie.simone@example.com',
        'password123',
        '112233455595',
        'FR7856789012345678901234567',
        '2022-10-15',
        4.1
    ),
    (
        36,
        25,
        6,
        'Madame',
        'Bernard',
        'Julien',
        '2002-05-22',
        '0628529404',
        'julien.bernard@example.com',
        'password123',
        '112233335595',
        'FR7856736912345678901234567',
        '2021-03-12',
        4.6
    ),
    (
        37,
        26,
        7,
        'Madame',
        'Durant',
        'Sophie',
        '2005-08-19',
        '0641994603',
        'sophie.durant@example.com',
        'password123',
        '112239645595',
        'FR7878901234567890123456789',
        '2023-06-08',
        4.3
    ),
    (
        38,
        27,
        8,
        'Madame',
        'Simon',
        'Thomas',
        '1973-11-15',
        '0692490189',
        'thomas.simon@example.com',
        'password123',
        '112233445599',
        NULL,
        NULL,
        NULL
    ),
    (
        39,
        28,
        9,
        'Madame',
        'Girard',
        'Thomas',
        '1993-06-16',
        '0640699602',
        'thomas.girard@example.com',
        'password123',
        '112233445600',
        NULL,
        NULL,
        NULL
    ),
    (
        40,
        29,
        10,
        'Madame',
        'Martinez',
        'Sophie',
        '1999-08-24',
        '0672411852',
        'sophie.martinez@example.com',
        'password123',
        '112299445595',
        'FR7864560123456789012345678',
        '2021-07-01',
        4.5
    ),
    (
        41,
        30,
        11,
        'Madame',
        'Martinez',
        'Marie',
        '2001-11-10',
        '0614253911',
        'marie.martinez@example.com',
        'password123',
        '112233445602',
        NULL,
        NULL,
        NULL
    ),
    (
        42,
        31,
        12,
        'Madame',
        'Morel',
        'Emma',
        '2000-05-15',
        '0632902754',
        'emma.morel@example.com',
        'password123',
        '112233445603',
        NULL,
        NULL,
        NULL
    ),
    (
        43,
        32,
        13,
        'Monsieur',
        'Simon',
        'Lucie',
        '1977-06-26',
        '0667442009',
        'lucie.simon@example.com',
        'password123',
        '112233445604',
        NULL,
        NULL,
        NULL
    ),
    (
        44,
        33,
        14,
        'Madame',
        'Lefevre',
        'Lucie',
        '1970-01-30',
        '0619794010',
        'lucie.lefevre@example.com',
        'password123',
        '112233445605',
        NULL,
        NULL,
        NULL
    ),
    (
        45,
        34,
        15,
        'Monsieur',
        'Lemoine',
        'Marie',
        '1981-09-03',
        '0620576791',
        'marie.lemoine@example.com',
        'password123',
        '112233445606',
        NULL,
        NULL,
        NULL
    ),
    (
        46,
        35,
        16,
        'Monsieur',
        'Lemoine',
        'Jean',
        '1966-01-01',
        '0679182592',
        'jean.lemoine@example.com',
        'password123',
        '112233445607',
        NULL,
        NULL,
        NULL
    ),
    (
        47,
        36,
        17,
        'Monsieur',
        'Bernard',
        'Emma',
        '1980-06-01',
        '0697743044',
        'emma.bernard@example.com',
        'password123',
        '192233445595',
        'FR7898901234567890123456789',
        '2023-09-14',
        4.8
    ),
    (
        48,
        37,
        18,
        'Monsieur',
        'Lefevre',
        'Jean',
        '1985-06-15',
        '0657282709',
        'jean.lefevre@example.com',
        'password123',
        '182233445595',
        'FR7889963345678901234567890',
        '2021-08-01',
        4.7
    ),
    (
        49,
        38,
        19,
        'Monsieur',
        'Dupont',
        'Marie',
        '1971-08-21',
        '0630861331',
        'marie.dupont@example.com',
        'password123',
        '193233445595',
        'FR1230123456789012345678901',
        '2022-11-20',
        4.6
    ),
    (
        50,
        39,
        20,
        'Madame',
        'Morel',
        'Jean',
        '1982-07-09',
        '0621526665',
        'jean.morel@example.com',
        'password123',
        '112233445611',
        NULL,
        NULL,
        NULL
    ),
    (
        51,
        40,
        21,
        'Madame',
        'Bernard',
        'Pierre',
        '2000-09-08',
        '0612010931',
        'pierre.bernard@example.com',
        'password123',
        '112233445612',
        NULL,
        NULL,
        NULL
    ),
    (
        52,
        20,
        22,
        'Madame',
        'Lamine',
        'Julien',
        '1978-07-21',
        '0650541605',
        'julien.lamine@example.com',
        'password123',
        '112233445613',
        NULL,
        NULL,
        NULL
    ),
    (
        53,
        21,
        23,
        'Monsieur',
        'Lemoine',
        'Julien',
        '1972-12-02',
        '0694861942',
        'julien.lemoine@example.com',
        'password123',
        '112233445614',
        NULL,
        NULL,
        NULL
    ),
    (
        54,
        22,
        24,
        'Madame',
        'Morel',
        'Lucie',
        '1968-07-12',
        '0677233130',
        'lucie.morel@example.com',
        'password123',
        '112233445615',
        NULL,
        NULL,
        NULL
    ),
    (
        55,
        23,
        25,
        'Madame',
        'Petit',
        'Marie',
        '2005-04-20',
        '0632448773',
        'marie.petit@example.com',
        'password123',
        '112233445616',
        NULL,
        NULL,
        NULL
    ),
    (
        56,
        24,
        26,
        'Madame',
        'Lemoine',
        'Chloé',
        '1995-04-23',
        '0661953994',
        'chloé.lemoine@example.com',
        'password123',
        '112233445617',
        NULL,
        NULL,
        NULL
    ),
    (
        57,
        25,
        27,
        'Madame',
        'Petit',
        'Lucie',
        '1992-01-19',
        '0624611420',
        'lucie.petit@example.com',
        'password123',
        '112233445618',
        NULL,
        NULL,
        NULL
    ),
    (
        58,
        26,
        28,
        'Madame',
        'Simon',
        'Julien',
        '2000-04-05',
        '0684943473',
        'julien.simon@example.com',
        'password123',
        '185233445595',
        'FR1230126546789012345678901',
        '2023-01-11',
        4.2
    ),
    (
        59,
        27,
        29,
        'Madame',
        'Bernard',
        'Rémi',
        '1995-04-08',
        '0626408662',
        'remi.bernard@example.com',
        'password123',
        '112233445620',
        NULL,
        NULL,
        NULL
    ),
    (
        60,
        28,
        30,
        'Madame',
        'Lemoine',
        'Pierre',
        '1979-12-29',
        '0646835826',
        'pierre.lemoine@example.com',
        'password123',
        '112233445621',
        NULL,
        NULL,
        NULL
    ),
    (
        61,
        29,
        31,
        'Monsieur',
        'Lemoine',
        'Emma',
        '1999-05-24',
        '0610500705',
        'emma.lemoine@example.com',
        'password123',
        '112233445622',
        NULL,
        NULL,
        NULL
    ),
    (
        62,
        30,
        32,
        'Madame',
        'Martinez',
        'Pierre',
        '1996-10-31',
        '0622024239',
        'pierre.martinez@example.com',
        'password123',
        '112233445623',
        NULL,
        NULL,
        NULL
    ),
    (
        63,
        31,
        33,
        'Madame',
        'Durand',
        'Pierre',
        '1989-06-17',
        '0696055597',
        'pierre.durand@example.com',
        'password123',
        '112233445624',
        NULL,
        NULL,
        NULL
    ),
    (
        64,
        32,
        34,
        'Madame',
        'Durand',
        'Sophie',
        '1981-11-17',
        '0693933977',
        'sophie.durand@example.com',
        'password123',
        '112233445625',
        NULL,
        NULL,
        NULL
    ),
    (
        65,
        33,
        35,
        'Monsieur',
        'Bernard',
        'Jean',
        '1970-12-11',
        '0625666023',
        'jean.bernard@example.com',
        'password123',
        '112233985595',
        'FR7889012345678901234567890',
        '2022-09-22',
        4.3
    ),
    (
        66,
        34,
        36,
        'Madame',
        'Dupont',
        'Sophie',
        '1982-09-20',
        '0647028015',
        'sophie.dupont@example.com',
        'password123',
        '112233445627',
        NULL,
        NULL,
        NULL
    ),
    (
        67,
        35,
        37,
        'Madame',
        'Simon',
        'Sophie',
        '1965-10-01',
        '0676152095',
        'sophie.simon@example.com',
        'password123',
        '112233445628',
        NULL,
        NULL,
        NULL
    ),
    (
        68,
        36,
        38,
        'Madame',
        'Morel',
        'Tom',
        '1982-12-16',
        '0687209238',
        'tom.morel@example.com',
        'password123',
        '112233445629',
        NULL,
        NULL,
        NULL
    ),
    (
        69,
        37,
        39,
        'Monsieur',
        'Lefevre',
        'Marie',
        '1971-07-03',
        '0627477929',
        'marie.lefevre@example.com',
        'password123',
        '112233595595',
        'FR4560123456789012345678901',
        '2023-05-14',
        4.0
    ),
    (
        70,
        38,
        40,
        'Monsieur',
        'Simon',
        'Emma',
        '1995-10-30',
        '0654713516',
        'emma.simon@example.com',
        'password123',
        '112233445631',
        NULL,
        NULL,
        NULL
    );
INSERT INTO ENTRETIEN (
        IDENTRETIEN,
        IDCOURSIER,
        DATEENTRETIEN,
        STATUS,
        RESULTAT,
        RDVLOGISTIQUEDATE,
        RDVLOGISTIQUELIEU
    )
VALUES (1, 1, NULL, 'En attente', NULL, NULL, NULL),
    (
        2,
        2,
        '2025-01-07 11:00:00',
        'Planifié',
        NULL,
        NULL,
        NULL
    ),
    (
        3,
        3,
        '2025-01-05 14:30:00',
        'Terminée',
        'Retenu',
        '2025-01-08 10:00:00',
        'Centre logistique Uber'
    ),
    (
        4,
        4,
        '2025-01-06 09:00:00',
        'Annulée',
        NULL,
        NULL,
        NULL
    ),
    (5, 5, NULL, 'En attente', NULL, NULL, NULL),
    (
        6,
        6,
        '2025-01-08 15:00:00',
        'Planifié',
        NULL,
        NULL,
        NULL
    ),
    (
        7,
        7,
        '2025-01-04 16:30:00',
        'Terminée',
        'Rejeté',
        NULL,
        NULL
    ),
    (8, 8, NULL, 'En attente', NULL, NULL, NULL),
    (9, 9, NULL, 'En attente', NULL, NULL, NULL),
    (
        10,
        10,
        '2025-01-09 11:00:00',
        'Planifié',
        NULL,
        NULL,
        NULL
    ),
    (
        11,
        11,
        '2025-01-05 14:30:00',
        'Terminée',
        'Retenu',
        '2025-01-09 14:00:00',
        'Centre logistique Uber'
    ),
    (
        12,
        12,
        '2025-01-08 16:00:00',
        'Annulée',
        NULL,
        NULL,
        NULL
    ),
    (
        13,
        13,
        '2025-01-10 09:30:00',
        'Planifié',
        NULL,
        NULL,
        NULL
    ),
    (
        14,
        14,
        '2025-01-06 15:00:00',
        'Terminée',
        'Retenu',
        '2025-01-10 09:00:00',
        'Centre logistique Uber'
    ),
    (
        15,
        15,
        '2025-01-03 10:30:00',
        'Terminée',
        NULL,
        NULL,
        NULL
    ),
    (16, 16, NULL, 'En attente', NULL, NULL, NULL),
    (
        17,
        17,
        '2025-01-11 10:00:00',
        'Planifié',
        NULL,
        NULL,
        NULL
    ),
    (
        18,
        18,
        '2025-01-05 15:30:00',
        'Terminée',
        'Rejeté',
        NULL,
        NULL
    ),
    (
        19,
        19,
        '2025-01-08 14:00:00',
        'Annulée',
        NULL,
        NULL,
        NULL
    ),
    (
        20,
        20,
        '2025-01-06 09:00:00',
        'Terminée',
        'Retenu',
        '2025-01-10 10:00:00',
        'Centre logistique Uber'
    ),
    (21, 21, NULL, 'En attente', NULL, NULL, NULL),
    (
        22,
        22,
        '2025-01-05 11:00:00',
        'Terminée',
        'Retenu',
        '2025-01-09 15:00:00',
        'Centre logistique Uber'
    ),
    (
        23,
        23,
        '2025-01-10 16:00:00',
        'Planifié',
        NULL,
        NULL,
        NULL
    ),
    (
        24,
        24,
        '2025-01-03 12:30:00',
        'Terminée',
        'Retenu',
        '2025-01-07 11:30:00',
        'Centre logistique Uber'
    ),
    (
        25,
        25,
        '2025-01-11 10:30:00',
        'Planifié',
        NULL,
        NULL,
        NULL
    ),
    (
        26,
        26,
        '2025-01-02 15:00:00',
        'Terminée',
        'Retenu',
        '2025-01-05 10:00:00',
        'Centre logistique Uber'
    ),
    (
        27,
        27,
        '2025-01-08 12:00:00',
        'Annulée',
        NULL,
        NULL,
        NULL
    ),
    (
        28,
        28,
        '2025-01-04 09:30:00',
        'Terminée',
        'Retenu',
        '2025-01-06 14:00:00',
        'Centre logistique Uber'
    ),
    (
        29,
        29,
        '2025-01-05 14:00:00',
        'Terminée',
        'Retenu',
        '2025-01-08 09:00:00',
        'Centre logistique Uber'
    ),
    (30, 30, NULL, 'En attente', NULL, NULL, NULL),
    (
        31,
        31,
        '2025-01-13 11:00:00',
        'Planifié',
        NULL,
        NULL,
        NULL
    ),
    (
        32,
        32,
        '2025-01-01 14:30:00',
        'Terminée',
        'Rejeté',
        NULL,
        NULL
    ),
    (
        33,
        33,
        '2025-01-09 09:00:00',
        'Annulée',
        NULL,
        NULL,
        NULL
    ),
    (34, 34, NULL, 'En attente', NULL, NULL, NULL),
    (
        35,
        35,
        '2025-01-06 15:00:00',
        'Terminée',
        'Retenu',
        '2025-01-10 16:00:00',
        'Centre logistique Uber'
    ),
    (
        36,
        36,
        '2025-01-05 16:30:00',
        'Terminée',
        'Retenu',
        '2025-01-09 10:00:00',
        'Centre logistique Uber'
    ),
    (
        37,
        37,
        '2025-01-04 10:30:00',
        'Terminée',
        'Retenu',
        '2025-01-08 11:00:00',
        'Centre logistique Uber'
    ),
    (38, 38, NULL, 'En attente', NULL, NULL, NULL),
    (
        39,
        39,
        '2025-01-15 11:00:00',
        'Planifié',
        NULL,
        NULL,
        NULL
    ),
    (
        40,
        40,
        '2025-01-02 14:30:00',
        'Terminée',
        'Retenu',
        '2025-01-06 09:30:00',
        'Centre logistique Uber'
    ),
    (
        41,
        41,
        '2025-01-09 16:00:00',
        'Annulée',
        NULL,
        NULL,
        NULL
    ),
    (
        42,
        42,
        '2025-01-12 09:30:00',
        'Planifié',
        NULL,
        NULL,
        NULL
    ),
    (
        43,
        43,
        '2025-01-03 15:00:00',
        'Terminée',
        'Rejeté',
        NULL,
        NULL
    ),
    (44, 44, NULL, 'En attente', NULL, NULL, NULL),
    (45, 45, NULL, 'En attente', NULL, NULL, NULL),
    (
        46,
        46,
        '2025-01-17 10:00:00',
        'Planifié',
        NULL,
        NULL,
        NULL
    ),
    (
        47,
        47,
        '2025-01-04 15:30:00',
        'Terminée',
        'Retenu',
        '2025-01-09 13:30:00',
        'Centre logistique Uber'
    ),
    (
        48,
        48,
        '2025-01-06 14:00:00',
        'Terminée',
        'Retenu',
        '2025-01-10 10:30:00',
        'Centre logistique Uber'
    ),
    (
        49,
        49,
        '2025-01-05 09:00:00',
        'Terminée',
        'Retenu',
        '2025-01-08 12:00:00',
        'Centre logistique Uber'
    ),
    (50, 50, NULL, 'En attente', NULL, NULL, NULL),
    (
        51,
        51,
        '2025-01-09 10:00:00',
        'Planifié',
        NULL,
        NULL,
        NULL
    ),
    (
        52,
        52,
        '2025-01-12 13:30:00',
        'Planifié',
        NULL,
        NULL,
        NULL
    ),
    (
        53,
        53,
        '2025-01-07 14:00:00',
        'Annulée',
        NULL,
        NULL,
        NULL
    ),
    (54, 54, NULL, 'En attente', NULL, NULL, NULL),
    (55, 55, NULL, 'En attente', NULL, NULL, NULL),
    (
        56,
        56,
        '2025-01-11 11:30:00',
        'Terminée',
        'Retenu',
        '2025-01-15 14:00:00',
        'Centre logistique Uber'
    ),
    (
        57,
        57,
        '2025-01-05 15:00:00',
        'Terminée',
        NULL,
        NULL,
        NULL
    ),
    (
        58,
        58,
        '2025-01-02 14:00:00',
        'Terminée',
        'Retenu',
        '2025-01-06 11:00:00',
        'Centre logistique Uber'
    ),
    (
        59,
        59,
        '2025-01-03 16:00:00',
        'Terminée',
        'Rejeté',
        NULL,
        NULL
    ),
    (60, 60, NULL, 'En attente', NULL, NULL, NULL),
    (
        61,
        61,
        '2025-01-10 10:30:00',
        'Planifié',
        NULL,
        NULL,
        NULL
    ),
    (
        62,
        62,
        '2025-01-14 15:00:00',
        'Annulée',
        NULL,
        NULL,
        NULL
    ),
    (63, 63, NULL, 'En attente', NULL, NULL, NULL),
    (
        64,
        64,
        '2025-01-13 09:00:00',
        'Planifié',
        NULL,
        NULL,
        NULL
    ),
    (
        65,
        65,
        '2025-01-04 16:30:00',
        'Terminée',
        'Retenu',
        '2025-01-10 10:00:00',
        'Centre logistique Uber'
    ),
    (
        66,
        66,
        '2025-01-02 12:00:00',
        'Annulée',
        NULL,
        NULL,
        NULL
    ),
    (67, 67, NULL, 'En attente', NULL, NULL, NULL),
    (
        68,
        68,
        '2025-01-05 14:00:00',
        'Terminée',
        'Retenu',
        '2025-01-09 15:30:00',
        'Centre logistique Uber'
    ),
    (
        69,
        69,
        '2025-01-03 14:30:00',
        'Terminée',
        'Retenu',
        '2025-01-07 10:30:00',
        'Centre logistique Uber'
    ),
    (
        70,
        70,
        '2025-01-12 09:30:00',
        'Planifié',
        NULL,
        NULL,
        NULL
    );
INSERT INTO LIVREUR (
        IDLIVREUR,
        IDENTREPRISE,
        IDADRESSE,
        GENREUSER,
        NOMUSER,
        PRENOMUSER,
        DATENAISSANCE,
        TELEPHONE,
        EMAILUSER,
        MOTDEPASSEUSER,
        IBAN,
        DATEDEBUTACTIVITE,
        NOTEMOYENNE
    )
VALUES (
        1,
        20,
        1,
        'Monsieur',
        'Dupont',
        'Jean',
        '1990-05-15',
        '0612345678',
        'jean.dupont@example.com',
        'password123',
        'FR7630004000031234567890143',
        '2022-01-15',
        4.5
    ),
    (
        2,
        21,
        160,
        'Madame',
        'Martin',
        'Sophie',
        '1985-07-20',
        '0623456789',
        'sophie.martin@example.com',
        'sophie2022',
        'FR7630004000039876543210987',
        '2023-03-01',
        4.8
    ),
    (
        3,
        22,
        165,
        'Monsieur',
        'Durand',
        'Pierre',
        '1992-09-10',
        '0676543210',
        'pierre.durand@example.com',
        'securePassword1',
        'FR7630004000031654567890143',
        '2022-05-10',
        4.2
    ),
    (
        4,
        23,
        106,
        'Madame',
        'Morel',
        'Julie',
        '1995-11-30',
        '0611223344',
        'julie.morel@example.com',
        'julie1234',
        'FR7630004000035675901234567',
        '2023-06-01',
        NULL
    ),
    (
        5,
        24,
        120,
        'Monsieur',
        'Blanc',
        'Paul',
        '1990-03-25',
        '0698765432',
        'paul.blanc@example.com',
        'paulsecure987',
        'FR7630004000035675901844567',
        '2021-11-20',
        4.9
    ),
    (
        6,
        25,
        175,
        'Madame',
        'Chevalier',
        'Alice',
        '1993-08-18',
        '0678112233',
        'alice.chevalier@example.com',
        'alice1234',
        'FR7630004000036789012345678',
        '2022-10-01',
        4.7
    ),
    (
        7,
        26,
        46,
        'Monsieur',
        'Garnier',
        'Lucas',
        '1991-01-12',
        '0611987654',
        'lucas.garnier@example.com',
        'lucaspass2023',
        'FR7630004000035675901484567',
        '2023-02-01',
        4.1
    ),
    (
        8,
        27,
        65,
        'Madame',
        'Perrot',
        'Camille',
        '1989-04-08',
        '0665432101',
        'camille.perrot@example.com',
        'camillepw',
        'FR7630004000035675901234487',
        '2022-03-15',
        4.4
    ),
    (
        9,
        28,
        12,
        'Monsieur',
        'Girard',
        'Thomas',
        '1988-12-25',
        '0611225566',
        'thomas.girard@example.com',
        'secureThomas88',
        'FR7630004000039876543212345',
        '2023-01-01',
        4.6
    ),
    (
        10,
        29,
        15,
        'Madame',
        'Lemoine',
        'Charlotte',
        '1994-06-05',
        '0699988776',
        'charlotte.lemoine@example.com',
        'charlottepw',
        'FR7630004000035675901984567',
        '2022-06-20',
        4.3
    ),
    (
        11,
        30,
        25,
        'Monsieur',
        'Noel',
        'Antoine',
        '1992-03-30',
        '0623345566',
        'antoine.noel@example.com',
        'secureNoel1992',
        'FR7630004000035675901234787',
        '2021-12-15',
        4.2
    ),
    (
        12,
        31,
        18,
        'Madame',
        'Rey',
        'Marie',
        '1987-07-07',
        '0644445556',
        'marie.rey@example.com',
        'secureMarie87',
        'FR7630004000034321098765432',
        '2022-08-05',
        4.9
    ),
    (
        13,
        32,
        115,
        'Monsieur',
        'Fontaine',
        'Hugo',
        '1995-10-19',
        '0611228899',
        'hugo.fontaine@example.com',
        'hugoPass2023',
        'FR7630004000035125901234567',
        '2023-05-25',
        4.8
    ),
    (
        14,
        33,
        56,
        'Madame',
        'Masson',
        'Elise',
        '1990-12-12',
        '0622113344',
        'elise.masson@example.com',
        'secureElise90',
        'FR7630004000035675901284567',
        '2023-04-01',
        4.4
    ),
    (
        15,
        34,
        111,
        'Monsieur',
        'Renaud',
        'Benjamin',
        '1989-08-28',
        '0677112233',
        'benjamin.renaud@example.com',
        'benjaminSecure89',
        'FR7630004000035678984654321',
        '2023-03-10',
        NULL
    ),
    (
        16,
        35,
        48,
        'Madame',
        'Dubois',
        'Lucie',
        '1992-11-11',
        '0655112233',
        'lucie.dubois@example.com',
        'lucieSecure92',
        'FR7630004000035685901234567',
        '2021-11-05',
        4.5
    ),
    (
        17,
        36,
        48,
        'Monsieur',
        'Morin',
        'Julien',
        '1990-05-15',
        '0611998877',
        'julien.morin@example.com',
        'julienpw90',
        'FR7630004000036159098765432',
        '2022-07-01',
        4.2
    ),
    (
        18,
        37,
        26,
        'Madame',
        'Marchand',
        'Laura',
        '1993-02-25',
        '0688997766',
        'laura.marchand@example.com',
        'lauraSecure93',
        'FR7630004000036789098765432',
        '2022-09-10',
        4.7
    ),
    (
        19,
        38,
        62,
        'Monsieur',
        'Robert',
        'Alexandre',
        '1991-01-01',
        '0622334455',
        'alexandre.robert@example.com',
        'alexandreSecure91',
        'FR7630004000036789098795432',
        '2023-01-15',
        4.8
    ),
    (
        20,
        39,
        95,
        'Madame',
        'Petit',
        'Amelie',
        '1994-03-03',
        '0677889900',
        'amelie.petit@example.com',
        'amelieSecure94',
        'FR7630004000036789094265432',
        '2023-06-05',
        4.6
    ),
    (
        21,
        40,
        99,
        'Monsieur',
        'Bernard',
        'Leo',
        '1993-12-12',
        '0611223344',
        'leo.bernard@example.com',
        'leoSecure93',
        'FR7630004000039876543211234',
        '2022-11-01',
        4.1
    );
INSERT INTO HORAIRES_LIVREUR (
        IDHORAIRES_LIVREUR,
        IDLIVREUR,
        JOURSEMAINE,
        HEUREDEBUT,
        HEUREFIN
    )
VALUES (1, 1, 'Lundi', '08:00:00', '12:00:00'),
    (2, 1, 'Mardi', '14:00:00', '18:00:00'),
    (3, 2, 'Mercredi', '09:00:00', '13:00:00'),
    (4, 2, 'Jeudi', '15:00:00', '19:00:00'),
    (5, 3, 'Vendredi', '08:30:00', '12:30:00'),
    (6, 3, 'Samedi', '14:30:00', '18:30:00'),
    (7, 4, 'Dimanche', '10:00:00', '14:00:00'),
    (8, 4, 'Lundi', '16:00:00', '20:00:00'),
    (9, 5, 'Mardi', '08:00:00', '12:00:00'),
    (10, 5, 'Mercredi', '13:00:00', '17:00:00'),
    (11, 6, 'Jeudi', '09:00:00', '13:00:00'),
    (12, 6, 'Vendredi', '14:00:00', '18:00:00'),
    (13, 7, 'Samedi', '08:00:00', '12:00:00'),
    (14, 7, 'Dimanche', '14:00:00', '18:00:00'),
    (15, 8, 'Lundi', '07:00:00', '11:00:00'),
    (16, 8, 'Mardi', '12:00:00', '16:00:00'),
    (17, 9, 'Mercredi', '08:30:00', '12:30:00'),
    (18, 9, 'Jeudi', '14:30:00', '18:30:00'),
    (19, 10, 'Vendredi', '09:00:00', '13:00:00'),
    (20, 10, 'Samedi', '15:00:00', '19:00:00'),
    (21, 11, 'Dimanche', '10:00:00', '14:00:00'),
    (22, 11, 'Lundi', '16:00:00', '20:00:00'),
    (23, 12, 'Mardi', '08:00:00', '12:00:00'),
    (24, 12, 'Mercredi', '13:00:00', '17:00:00'),
    (25, 13, 'Jeudi', '09:00:00', '13:00:00'),
    (26, 13, 'Vendredi', '14:00:00', '18:00:00'),
    (27, 14, 'Samedi', '08:00:00', '12:00:00'),
    (28, 14, 'Dimanche', '14:00:00', '18:00:00'),
    (29, 15, 'Lundi', '07:00:00', '11:00:00'),
    (30, 15, 'Mardi', '12:00:00', '16:00:00'),
    (31, 16, 'Mercredi', '08:30:00', '12:30:00'),
    (32, 16, 'Jeudi', '14:30:00', '18:30:00'),
    (33, 17, 'Vendredi', '09:00:00', '13:00:00'),
    (34, 17, 'Samedi', '15:00:00', '19:00:00'),
    (35, 18, 'Dimanche', '10:00:00', '14:00:00'),
    (36, 18, 'Lundi', '16:00:00', '20:00:00'),
    (37, 19, 'Mardi', '08:00:00', '12:00:00'),
    (38, 19, 'Mercredi', '13:00:00', '17:00:00'),
    (39, 20, 'Jeudi', '09:00:00', '13:00:00'),
    (40, 20, 'Vendredi', '14:00:00', '18:00:00'),
    (41, 21, 'Samedi', '08:00:00', '12:00:00'),
    (42, 21, 'Dimanche', '14:00:00', '18:00:00');
INSERT INTO CATEGORIE_PRESTATION (
        IDCATEGORIEPRESTATION,
        LIBELLECATEGORIEPRESTATION,
        DESCRIPTIONCATEGORIEPRESTATION,
        IMAGECATEGORIEPRESTATION
    )
VALUES (
        1,
        'Courses',
        'Livraison de courses et produits',
        'https://cn-geo1.uber.com/static/mobile-content/eats/cuisine-filters/Grocery_v2.png'
    ),
    (
        2,
        'Halal',
        'Restaurants et plats halal',
        'https://cn-geo1.uber.com/static/mobile-content/eats/cuisine-filters/v1/Halal.png'
    ),
    (
        3,
        'Pizzas',
        'Livraison de pizzas',
        'https://cn-geo1.uber.com/static/mobile-content/eats/cuisine-filters/v1/Pizza.png'
    ),
    (
        4,
        'Sushis',
        'Restaurants et livraison de sushis',
        'https://cn-geo1.uber.com/static/mobile-content/eats/cuisine-filters/Sushi.png'
    ),
    (
        5,
        'Alcool',
        'Livraison de boissons alcoolisées',
        'https://cn-geo1.uber.com/static/mobile-content/eats/cuisine-filters/Alcohol@3x.png'
    ),
    (
        6,
        'Épicerie',
        'Produits d épicerie',
        'https://cn-geo1.uber.com/static/mobile-content/eats/cuisine-filters/Convenience@3x.png'
    ),
    (
        7,
        'Fast food',
        'Restauration rapide',
        'https://cn-geo1.uber.com/static/mobile-content/eats/cuisine-filters/FastFood.png'
    ),
    (
        8,
        'Burgers',
        'Restaurants de burgers',
        'https://cn-geo1.uber.com/static/mobile-content/eats/cuisine-filters/v1/Burgers.png'
    ),
    (
        9,
        'Asiatique',
        'Cuisine asiatique',
        'https://cn-geo1.uber.com/static/mobile-content/eats/cuisine-filters/Asian.png'
    ),
    (
        10,
        'Cuisine saine',
        'Options de repas santé',
        'https://cn-geo1.uber.com/static/mobile-content/eats/cuisine-filters/v1/Healthy.png'
    ),
    (
        11,
        'Thaïlandaise',
        'Cuisine thaïlandaise',
        'https://cn-geo1.uber.com/static/mobile-content/eats/cuisine-filters/Thai.png'
    ),
    (
        12,
        'Coréenne',
        'Cuisine coréenne',
        'https://cn-geo1.uber.com/static/mobile-content/eats/cuisine-filters/Korean.png'
    ),
    (
        13,
        'Indienne',
        'Cuisine indienne',
        'https://cn-geo1.uber.com/static/mobile-content/eats/cuisine-filters/Indian.png'
    ),
    (
        14,
        'Thé aux perles',
        'Bubble tea',
        'https://cn-geo1.uber.com/static/mobile-content/eats/cuisine-filters/BubbleTea.png'
    ),
    (
        15,
        'Ailes de poulet',
        'Spécialités de poulet',
        'https://cn-geo1.uber.com/static/mobile-content/eats/cuisine-filters/Wings.png'
    ),
    (
        16,
        'Boulangerie',
        'Produits de boulangerie',
        'https://cn-geo1.uber.com/static/mobile-content/eats/cuisine-filters/v1/Bakery.png'
    ),
    (
        17,
        'Casher',
        'Restaurants et plats casher',
        'https://cn-geo1.uber.com/static/mobile-content/eats/cuisine-filters/Kosher.png'
    ),
    (
        18,
        'Chinoise',
        'Cuisine chinoise',
        'https://cn-geo1.uber.com/static/mobile-content/eats/cuisine-filters/v1/Chinese.png'
    ),
    (
        19,
        'Poke (poisson cru)',
        'Bols de poisson cru',
        'https://cn-geo1.uber.com/static/mobile-content/eats/cuisine-filters/v1/Poke.png'
    ),
    (
        20,
        'Mexicaine',
        'Cuisine mexicaine',
        'https://cn-geo1.uber.com/static/mobile-content/eats/cuisine-filters/v1/Mexican.png'
    ),
    (
        21,
        'Sandwich',
        'Sandwichs et paninis',
        'https://cn-geo1.uber.com/static/mobile-content/eats/cuisine-filters/v1/Sandwich.png'
    ),
    (
        22,
        'Italienne',
        'Cuisine italienne',
        'https://cn-geo1.uber.com/static/mobile-content/eats/cuisine-filters/Italian.png'
    ),
    (
        23,
        'Barbecue',
        'Restaurants de barbecue',
        'https://cn-geo1.uber.com/static/mobile-content/eats/cuisine-filters/v1/BBQ.png'
    ),
    (
        24,
        'Spécialité',
        'Plats et cuisines spécialisés',
        'https://cn-geo1.uber.com/static/mobile-content/eats/cuisine-filters/Specialty@3x.png'
    ),
    (
        25,
        'Petit-déjeuner',
        'Options de petit-déjeuner',
        'https://cn-geo1.uber.com/static/mobile-content/eats/cuisine-filters/v1/Breakfast.png'
    ),
    (
        26,
        'Vegan',
        'Options végétaliennes',
        'https://cn-geo1.uber.com/static/mobile-content/eats/cuisine-filters/v1/Vegan.png'
    ),
    (
        27,
        'Caribéenne',
        'Cuisine caribéenne',
        'https://cn-geo1.uber.com/static/mobile-content/eats/cuisine-filters/v1/Caribbean.png'
    ),
    (
        28,
        'Parapharmacie',
        'Produits paramédicaux',
        'https://cn-geo1.uber.com/static/mobile-content/eats/cuisine-filters/Pharmacy@3x.png'
    ),
    (
        29,
        'Fleurs',
        'Livraison de fleurs',
        'https://cn-geo1.uber.com/static/mobile-content/eats/cuisine-filters/Flowers@3x.png'
    ),
    (
        30,
        'Japonaise',
        'Cuisine japonaise',
        'https://cn-geo1.uber.com/static/mobile-content/eats/cuisine-filters/v1/Japanese.png'
    ),
    (
        31,
        'Vietnamienne',
        'Cuisine vietnamienne',
        'https://cn-geo1.uber.com/static/mobile-content/eats/cuisine-filters/v1/Vietnamese.png'
    ),
    (
        32,
        'Fruits de mer',
        'Restaurants de fruits de mer',
        'https://cn-geo1.uber.com/static/mobile-content/eats/cuisine-filters/v1/Seafood.png'
    ),
    (
        33,
        'Soupes',
        'Restaurants de soupes',
        'https://cn-geo1.uber.com/static/mobile-content/eats/cuisine-filters/v1/Soup.png'
    ),
    (
        34,
        'Américaine',
        'Cuisine américaine',
        'https://cn-geo1.uber.com/static/mobile-content/eats/cuisine-filters/v1/American.png'
    ),
    (
        35,
        'Café',
        'Cafés et boissons chaudes',
        'https://cn-geo1.uber.com/static/mobile-content/eats/cuisine-filters/v1/Coffee.png'
    ),
    (
        36,
        'Hygiène',
        'Produits d hygiène',
        'https://cn-geo1.uber.com/static/mobile-content/eats/cuisine-filters/personalCare.png'
    ),
    (
        37,
        'Afro américaine',
        'Cuisine afro-américaine',
        'https://cn-geo1.uber.com/static/mobile-content/eats/cuisine-filters/v1/SoulFood.png'
    ),
    (
        38,
        'Boutique',
        'Produits de boutique',
        'https://cn-geo1.uber.com/static/mobile-content/eats/cuisine-filters/Retail@3x.png'
    ),
    (
        39,
        'Glaces',
        'Crèmes glacées et desserts glacés',
        'https://cn-geo1.uber.com/static/mobile-content/eats/cuisine-filters/v1/IceCream.png'
    ),
    (
        40,
        'Grecque',
        'Cuisine grecque',
        'https://cn-geo1.uber.com/static/mobile-content/eats/cuisine-filters/v1/Greek.png'
    ),
    (
        41,
        'Street food',
        'Cuisine de rue',
        'https://cn-geo1.uber.com/static/mobile-content/eats/cuisine-filters/v1/StreetFood.png'
    ),
    (
        42,
        'Repas détente',
        'Restaurants décontractés',
        'https://cn-geo1.uber.com/static/mobile-content/eats/cuisine-filters/v1/Comfort.png'
    ),
    (
        43,
        'Smoothies',
        'Boissons smoothies',
        'https://cn-geo1.uber.com/static/mobile-content/eats/cuisine-filters/v1/Smoothie.png'
    ),
    (
        44,
        'Articles pour animaux',
        'Produits et accessoires pour animaux',
        'https://cn-geo1.uber.com/static/mobile-content/eats/cuisine-filters/Pets@3x.png'
    ),
    (
        45,
        'Hawaïenne',
        'Cuisine hawaïenne',
        'https://cn-geo1.uber.com/static/mobile-content/eats/cuisine-filters/v1/Hawaiian.png'
    ),
    (
        46,
        'Taïwanaise',
        'Cuisine taïwanaise',
        'https://cn-geo1.uber.com/static/mobile-content/eats/cuisine-filters/v1/Taiwanese.png'
    );
INSERT INTO TYPE_PRESTATION (
        IDPRESTATION,
        LIBELLEPRESTATION,
        DESCRIPTIONPRESTATION,
        IMAGEPRESTATION
    )
VALUES (
        1,
        'UberX',
        'Un voyage standard et économique, parfait pour les trajets quotidiens et les déplacements en ville.',
        'UberX.jpg'
    ),
    (
        2,
        'UberXL',
        'Un service similaire à UberX, mais avec plus d’espace pour accueillir confortablement jusqu’à six passagers et leurs bagages.',
        'UberXL.jpg'
    ),
    (
        3,
        'UberVan',
        'Des chauffeurs professionnels vous transportent dans des vans spacieux, idéaux pour les groupes ou les grandes familles.',
        'UberVan.jpg'
    ),
    (
        4,
        'Confort',
        'Voyagez dans des véhicules modernes et bien équipés pour une expérience de transport plus agréable et relaxante.',
        'Comfort.jpg'
    ),
    (
        5,
        'Green',
        'Optez pour un trajet respectueux de l’environnement avec des véhicules hybrides ou électriques, tout en réduisant votre empreinte carbone.',
        'Green.jpg'
    ),
    (
        6,
        'UberPet',
        'Un service conçu pour les amoureux des animaux, permettant de voyager avec vos compagnons à quatre pattes dans le confort.',
        'UberPet.jpg'
    ),
    (
        7,
        'Berline',
        'Pour des déplacements professionnels ou des occasions spéciales, choisissez une berline élégante et confortable, offrant une expérience de luxe.',
        'Berline.jpg'
    );
INSERT INTO VEHICULE (
        IDVEHICULE,
        IDCOURSIER,
        IMMATRICULATION,
        MARQUE,
        MODELE,
        CAPACITE,
        ACCEPTEANIMAUX,
        ESTELECTRIQUE,
        ESTCONFORTABLE,
        ESTRECENT,
        ESTLUXUEUX,
        COULEUR,
        STATUSPROCESSUSLOGISTIQUE,
        DEMANDEMODIFICATION,
        DEMANDEMODIFICATIONEFFECTUE
    )
VALUES (
        1,
        3,
        'CC-003-CC',
        'BMW',
        'Serie 3',
        5,
        FALSE,
        FALSE,
        TRUE,
        TRUE,
        TRUE,
        'Gris',
        'Validé',
        NULL,
        FALSE
    ),
    (
        2,
        11,
        'KK-011-KK',
        'Tesla',
        'Model S',
        5,
        TRUE,
        TRUE,
        TRUE,
        TRUE,
        TRUE,
        'Argent',
        'Validé',
        NULL,
        FALSE
    ),
    (
        3,
        14,
        'NN-014-NN',
        'Mercedes',
        'GLE',
        5,
        TRUE,
        TRUE,
        TRUE,
        TRUE,
        TRUE,
        'Blanc',
        'En attente',
        NULL,
        FALSE
    ),
    (
        4,
        20,
        'TT-020-TT',
        'Nissan',
        'Micra',
        4,
        TRUE,
        FALSE,
        TRUE,
        FALSE,
        TRUE,
        'Rouge',
        'En attente',
        NULL,
        FALSE
    ),
    (
        5,
        22,
        'VV-022-VV',
        'Renault',
        'Twingo',
        4,
        FALSE,
        TRUE,
        TRUE,
        FALSE,
        FALSE,
        'Rose',
        'En attente',
        NULL,
        FALSE
    ),
    (
        6,
        24,
        'XX-024-XX',
        'Mercedes',
        'C-Class',
        5,
        TRUE,
        TRUE,
        TRUE,
        TRUE,
        TRUE,
        'Bleu',
        'Validé',
        NULL,
        FALSE
    ),
    (
        7,
        26,
        'ZZ-026-ZZ',
        'Volkswagen',
        'Arteon',
        5,
        TRUE,
        TRUE,
        TRUE,
        TRUE,
        TRUE,
        'Gris',
        'En attente',
        NULL,
        FALSE
    ),
    (
        8,
        28,
        'CD-028-CD',
        'Ford',
        'Kuga',
        5,
        TRUE,
        TRUE,
        TRUE,
        TRUE,
        FALSE,
        'Rouge',
        'En attente',
        NULL,
        FALSE
    ),
    (
        9,
        29,
        'EF-029-EF',
        'Toyota',
        'Auris',
        5,
        TRUE,
        TRUE,
        TRUE,
        TRUE,
        FALSE,
        'Bleu',
        'Validé',
        NULL,
        FALSE
    ),
    (
        10,
        35,
        'QR-035-QR',
        'Audi',
        'Q5',
        5,
        TRUE,
        TRUE,
        TRUE,
        TRUE,
        FALSE,
        'Bleu',
        'En attente',
        NULL,
        FALSE
    ),
    (
        11,
        36,
        'ST-036-ST',
        'Volkswagen',
        'ID.4',
        5,
        TRUE,
        TRUE,
        TRUE,
        TRUE,
        TRUE,
        'Vert',
        'Validé',
        NULL,
        FALSE
    ),
    (
        12,
        37,
        'UV-037-UV',
        'Peugeot',
        'Rifter',
        5,
        TRUE,
        TRUE,
        TRUE,
        TRUE,
        FALSE,
        'Jaune',
        'En attente',
        NULL,
        FALSE
    ),
    (
        13,
        40,
        'ZA-040-ZA',
        'Nissan',
        'Rogue',
        5,
        TRUE,
        TRUE,
        TRUE,
        TRUE,
        TRUE,
        'Noir',
        'En attente',
        NULL,
        FALSE
    ),
    (
        14,
        47,
        'GG-047-GG',
        'Subaru',
        'Outback',
        5,
        TRUE,
        TRUE,
        TRUE,
        TRUE,
        TRUE,
        'Gris',
        'Validé',
        NULL,
        FALSE
    ),
    (
        15,
        48,
        'HH-048-HH',
        'Volkswagen',
        'Tiguan',
        5,
        TRUE,
        TRUE,
        TRUE,
        TRUE,
        TRUE,
        'Bleu',
        'En attente',
        NULL,
        FALSE
    ),
    (
        16,
        49,
        'II-049-II',
        'Ford',
        'Explorer',
        7,
        TRUE,
        TRUE,
        TRUE,
        TRUE,
        FALSE,
        'Rouge',
        'En attente',
        NULL,
        FALSE
    ),
    (
        17,
        56,
        'PP-056-PP',
        'Volkswagen',
        'Touareg',
        7,
        TRUE,
        TRUE,
        TRUE,
        TRUE,
        TRUE,
        'Gris',
        'En attente',
        NULL,
        FALSE
    ),
    (
        18,
        58,
        'RR-058-RR',
        'Ford',
        'Edge',
        5,
        TRUE,
        TRUE,
        TRUE,
        TRUE,
        TRUE,
        'Bleu',
        'Validé',
        NULL,
        FALSE
    ),
    (
        19,
        65,
        'YY-065-YY',
        'Audi',
        'A1',
        4,
        TRUE,
        TRUE,
        TRUE,
        FALSE,
        TRUE,
        'Noir',
        'Validé',
        NULL,
        FALSE
    ),
    (
        20,
        68,
        'CD-068-CD',
        'Ford',
        'Puma',
        5,
        TRUE,
        TRUE,
        TRUE,
        TRUE,
        FALSE,
        'Bleu',
        'Validé',
        NULL,
        FALSE
    ),
    (
        21,
        69,
        'EF-069-EF',
        'Toyota',
        'Prius',
        5,
        TRUE,
        TRUE,
        TRUE,
        TRUE,
        TRUE,
        'Blanc',
        'En attente',
        NULL,
        FALSE
    );
INSERT INTO A_COMME_TYPE (IDVEHICULE, IDPRESTATION)
VALUES (1, 1),
    (1, 4),
    (1, 7),
    (2, 1),
    (2, 4),
    (2, 5),
    (2, 6),
    (2, 7),
    (3, 1),
    (3, 4),
    (3, 5),
    (3, 6),
    (3, 7),
    (4, 1),
    (4, 4),
    (4, 6),
    (4, 7),
    (5, 1),
    (5, 5),
    (5, 4),
    (6, 1),
    (6, 4),
    (6, 5),
    (6, 6),
    (6, 7),
    (7, 1),
    (7, 4),
    (7, 5),
    (7, 6),
    (7, 7),
    (8, 1),
    (8, 4),
    (8, 5),
    (8, 6),
    (9, 1),
    (9, 4),
    (9, 5),
    (9, 6),
    (10, 1),
    (10, 4),
    (10, 5),
    (10, 6),
    (11, 1),
    (11, 3),
    (11, 4),
    (11, 5),
    (11, 6),
    (11, 7),
    (12, 1),
    (12, 4),
    (12, 5),
    (12, 6),
    (13, 1),
    (13, 4),
    (13, 5),
    (13, 6),
    (13, 7),
    (14, 1),
    (14, 4),
    (14, 5),
    (14, 6),
    (14, 7),
    (15, 1),
    (15, 4),
    (15, 5),
    (15, 6),
    (15, 7),
    (16, 1),
    (16, 2),
    (16, 3),
    (16, 4),
    (16, 5),
    (16, 6),
    (17, 1),
    (17, 2),
    (17, 3),
    (17, 4),
    (17, 5),
    (17, 6),
    (17, 7),
    (18, 1),
    (18, 4),
    (18, 5),
    (18, 6),
    (18, 7),
    (19, 1),
    (19, 4),
    (19, 5),
    (19, 6),
    (19, 7),
    (20, 1),
    (20, 4),
    (20, 5),
    (20, 6),
    (21, 1),
    (21, 3),
    (21, 4),
    (21, 5),
    (21, 6),
    (21, 7);
INSERT INTO VELO (
        IDVELO,
        IDADRESSE,
        NUMEROVELO,
        ESTDISPONIBLE
    )
VALUES (1, 1, '12345', TRUE),
    (2, 2, '12346', FALSE),
    (3, 3, '12347', TRUE),
    (4, 4, '12348', TRUE),
    (5, 5, '12349', FALSE),
    (6, 6, '12350', TRUE),
    (7, 7, '12351', TRUE),
    (8, 8, '12352', FALSE),
    (9, 9, '12353', TRUE),
    (10, 10, '12354', TRUE),
    (11, 11, '12355', TRUE),
    (12, 12, '12356', FALSE),
    (13, 13, '12357', TRUE),
    (14, 14, '12358', TRUE),
    (15, 15, '12359', FALSE),
    (16, 16, '12360', TRUE),
    (17, 17, '12361', TRUE),
    (18, 18, '12362', FALSE),
    (19, 19, '12363', TRUE),
    (20, 20, '12364', TRUE),
    (21, 21, '12365', FALSE),
    (22, 22, '12366', TRUE),
    (23, 23, '12367', TRUE),
    (24, 24, '12368', FALSE),
    (25, 25, '12369', TRUE),
    (26, 26, '12370', TRUE),
    (27, 27, '12371', FALSE),
    (28, 28, '12372', TRUE),
    (29, 29, '12373', TRUE),
    (30, 30, '12374', FALSE),
    (31, 31, '12375', TRUE),
    (32, 32, '12376', FALSE),
    (33, 33, '12377', TRUE),
    (34, 34, '12378', TRUE),
    (35, 35, '12379', FALSE),
    (36, 36, '12380', TRUE),
    (37, 37, '12381', TRUE),
    (38, 38, '12382', FALSE),
    (39, 39, '12383', TRUE),
    (40, 40, '12384', TRUE),
    (41, 41, '12385', TRUE),
    (42, 42, '12386', FALSE),
    (43, 43, '12387', TRUE),
    (44, 44, '12388', TRUE),
    (45, 45, '12389', FALSE),
    (46, 46, '12390', TRUE),
    (47, 47, '12391', TRUE),
    (48, 48, '12392', FALSE),
    (49, 49, '12393', TRUE),
    (50, 50, '12394', TRUE),
    (51, 51, '12395', TRUE),
    (52, 52, '12396', FALSE),
    (53, 53, '12397', TRUE),
    (54, 54, '12398', TRUE),
    (55, 55, '12399', FALSE),
    (56, 56, '12400', TRUE),
    (57, 57, '12401', TRUE),
    (58, 58, '12402', FALSE),
    (59, 59, '12403', TRUE),
    (60, 60, '12404', TRUE),
    (61, 61, '12405', TRUE),
    (62, 62, '12406', FALSE),
    (63, 63, '12407', TRUE),
    (64, 64, '12408', TRUE),
    (65, 65, '12409', FALSE),
    (66, 66, '12410', TRUE),
    (67, 67, '12411', TRUE),
    (68, 68, '12412', FALSE),
    (69, 69, '12413', TRUE),
    (70, 70, '12414', TRUE),
    (71, 71, '12415', TRUE),
    (72, 72, '12416', FALSE),
    (73, 73, '12417', TRUE),
    (74, 74, '12418', TRUE),
    (75, 75, '12419', FALSE),
    (76, 76, '12420', TRUE),
    (77, 77, '12421', TRUE),
    (78, 78, '12422', FALSE),
    (79, 79, '12423', TRUE),
    (80, 80, '12424', TRUE),
    (81, 81, '12425', TRUE),
    (82, 82, '12426', FALSE),
    (83, 83, '12427', TRUE),
    (84, 84, '12428', TRUE),
    (85, 85, '12429', FALSE),
    (86, 86, '12430', TRUE),
    (87, 87, '12431', TRUE),
    (88, 88, '12432', FALSE),
    (89, 89, '12433', TRUE),
    (90, 90, '12434', TRUE),
    (91, 91, '12435', TRUE),
    (92, 92, '12436', FALSE),
    (93, 93, '12437', TRUE),
    (94, 94, '12438', TRUE),
    (95, 95, '12439', FALSE),
    (96, 96, '12440', TRUE),
    (97, 97, '12441', TRUE),
    (98, 98, '12442', FALSE),
    (99, 99, '12443', TRUE),
    (100, 100, '12444', TRUE),
    (101, 101, '12445', TRUE),
    (102, 102, '12446', FALSE),
    (103, 103, '12447', TRUE),
    (104, 104, '12448', TRUE),
    (105, 105, '12449', FALSE),
    (106, 106, '12450', TRUE),
    (107, 107, '12451', TRUE),
    (108, 108, '12452', FALSE),
    (109, 109, '12453', TRUE),
    (110, 110, '12454', TRUE),
    (111, 111, '12455', TRUE),
    (112, 112, '12456', FALSE),
    (113, 113, '12457', TRUE),
    (114, 114, '12458', TRUE),
    (115, 115, '12459', FALSE),
    (116, 116, '12460', TRUE),
    (117, 117, '12461', TRUE),
    (118, 118, '12462', FALSE),
    (119, 119, '12463', TRUE),
    (120, 120, '12464', TRUE),
    (121, 121, '12465', TRUE),
    (122, 122, '12466', FALSE),
    (123, 123, '12467', TRUE),
    (124, 124, '12468', TRUE),
    (125, 125, '12469', FALSE),
    (126, 126, '12470', TRUE),
    (127, 127, '12471', TRUE),
    (128, 128, '12472', FALSE),
    (129, 129, '12473', TRUE),
    (130, 130, '12474', TRUE),
    (131, 131, '12475', TRUE),
    (132, 132, '12476', FALSE),
    (133, 133, '12477', TRUE),
    (134, 134, '12478', TRUE),
    (135, 135, '12479', FALSE),
    (136, 136, '12480', TRUE),
    (137, 137, '12481', TRUE),
    (138, 138, '12482', FALSE),
    (139, 139, '12483', TRUE),
    (140, 140, '12484', TRUE),
    (141, 141, '12485', TRUE),
    (142, 142, '12486', FALSE),
    (143, 143, '12487', TRUE),
    (144, 144, '12488', TRUE),
    (145, 145, '12489', FALSE),
    (146, 146, '12490', TRUE),
    (147, 147, '12491', TRUE),
    (148, 148, '12492', FALSE),
    (149, 149, '12493', TRUE),
    (150, 150, '12494', TRUE);
INSERT INTO RESPONSABLE_ENSEIGNE (
        IDRESPONSABLE,
        NOMUSER,
        PRENOMUSER,
        TELEPHONE,
        EMAILUSER,
        MOTDEPASSEUSER
    )
VALUES (
        1,
        'Yılmaz',
        'Ahmet',
        '0678901234',
        'ahmet.yilmaz@example.com',
        'password1'
    ),
    (
        2,
        'Demir',
        'Fatma',
        '0678901235',
        'fatma.demir@example.com',
        'password2'
    ),
    (
        3,
        'Şahin',
        'Mehmet',
        '0678901236',
        'mehmet.sahin@example.com',
        'password3'
    ),
    (
        4,
        'Çelik',
        'Ayşe',
        '0678901237',
        'ayse.celik@example.com',
        'password4'
    ),
    (
        5,
        'Kaya',
        'Mustafa',
        '0678901238',
        'mustafa.kaya@example.com',
        'password5'
    ),
    (
        6,
        'Yıldırım',
        'Elif',
        '0678901239',
        'elif.yildirim@example.com',
        'password6'
    ),
    (
        7,
        'Öztürk',
        'Ali',
        '0678901240',
        'ali.ozturk@example.com',
        'password7'
    ),
    (
        8,
        'Arslan',
        'Zeynep',
        '0678901241',
        'zeynep.arslan@example.com',
        'password8'
    ),
    (
        9,
        'Doğan',
        'Hüseyin',
        '0678901242',
        'huseyin.dogan@example.com',
        'password9'
    ),
    (
        10,
        'Kılıç',
        'Emine',
        '0678901243',
        'emine.kilic@example.com',
        'password10'
    ),
    (
        11,
        'Aydın',
        'Halil',
        '0678901244',
        'halil.aydin@example.com',
        'password11'
    ),
    (
        12,
        'Kara',
        'Hatice',
        '0678901245',
        'hatice.kara@example.com',
        'password12'
    ),
    (
        13,
        'Koç',
        'Osman',
        '0678901246',
        'osman.koc@example.com',
        'password13'
    ),
    (
        14,
        'Aksoy',
        'Leyla',
        '0678901247',
        'leyla.aksoy@example.com',
        'password14'
    ),
    (
        15,
        'Yiğit',
        'Hasan',
        '0678901248',
        'hasan.yigit@example.com',
        'password15'
    ),
    (
        16,
        'Çetin',
        'Nur',
        '0678901249',
        'nur.cetin@example.com',
        'password16'
    ),
    (
        17,
        'Özkan',
        'Kemal',
        '0678901250',
        'kemal.ozkan@example.com',
        'password17'
    ),
    (
        18,
        'Şimşek',
        'Selin',
        '0678901251',
        'selin.simsek@example.com',
        'password18'
    ),
    (
        19,
        'Polat',
        'Eren',
        '0678901252',
        'eren.polat@example.com',
        'password19'
    ),
    (
        20,
        'Güneş',
        'Merve',
        '0678901253',
        'merve.gunes@example.com',
        'password20'
    ),
    (
        21,
        'Bozkurt',
        'Burak',
        '0678901254',
        'burak.bozkurt@example.com',
        'password21'
    ),
    (
        22,
        'Bulut',
        'Seda',
        '0678901255',
        'seda.bulut@example.com',
        'password22'
    ),
    (
        23,
        'Erdem',
        'Volkan',
        '0678901256',
        'volkan.erdem@example.com',
        'password23'
    ),
    (
        24,
        'Uzun',
        'Esra',
        '0678901257',
        'esra.uzun@example.com',
        'password24'
    ),
    (
        25,
        'Acar',
        'İsmail',
        '0678901258',
        'ismail.acar@example.com',
        'password25'
    ),
    (
        26,
        'Korkmaz',
        'Derya',
        '0678901259',
        'derya.korkmaz@example.com',
        'password26'
    ),
    (
        27,
        'Turan',
        'Serkan',
        '0678901260',
        'serkan.turan@example.com',
        'password27'
    ),
    (
        28,
        'Taş',
        'Gül',
        '0678901261',
        'gul.tas@example.com',
        'password28'
    ),
    (
        29,
        'Avcı',
        'Metin',
        '0678901262',
        'metin.avci@example.com',
        'password29'
    ),
    (
        30,
        'Gök',
        'Melike',
        '0678901263',
        'melike.gok@example.com',
        'password30'
    ),
    (
        31,
        'Sezer',
        'Tahir',
        '0678901264',
        'tahir.sezer@example.com',
        'password31'
    ),
    (
        32,
        'Orhan',
        'Ece',
        '0678901265',
        'ece.orhan@example.com',
        'password32'
    ),
    (
        33,
        'Köse',
        'Cem',
        '0678901266',
        'cem.kose@example.com',
        'password33'
    ),
    (
        34,
        'Aslan',
        'Berna',
        '0678901267',
        'berna.aslan@example.com',
        'password34'
    ),
    (
        35,
        'Tekin',
        'Onur',
        '0678901268',
        'onur.tekin@example.com',
        'password35'
    ),
    (
        36,
        'Çınar',
        'Yusuf',
        '0678901269',
        'yusuf.cinar@example.com',
        'password36'
    ),
    (
        37,
        'Bilgin',
        'Deniz',
        '0678901270',
        'deniz.bilgin@example.com',
        'password37'
    ),
    (
        38,
        'Eren',
        'Aylin',
        '0678901271',
        'aylin.eren@example.com',
        'password38'
    ),
    (
        39,
        'Türkmen',
        'Furkan',
        '0678901272',
        'furkan.turkmen@example.com',
        'password39'
    ),
    (
        40,
        'Ersoy',
        'Cansu',
        '0678901273',
        'cansu.ersoy@example.com',
        'password40'
    ),
    (
        41,
        'Başar',
        'Barış',
        '0678901274',
        'baris.basar@example.com',
        'password41'
    ),
    (
        42,
        'Sağlam',
        'Eda',
        '0678901275',
        'eda.saglam@example.com',
        'password42'
    ),
    (
        43,
        'Özer',
        'Tolga',
        '0678901276',
        'tolga.ozer@example.com',
        'password43'
    ),
    (
        44,
        'Yücel',
        'Sibel',
        '0678901277',
        'sibel.yucel@example.com',
        'password44'
    ),
    (
        45,
        'Durmaz',
        'Cihan',
        '0678901278',
        'cihan.durmaz@example.com',
        'password45'
    );
INSERT INTO RESTAURATEUR (
        IDRESTAURATEUR,
        NOMUSER,
        PRENOMUSER,
        TELEPHONE,
        EMAILUSER,
        MOTDEPASSEUSER,
        ROLE
    )
VALUES (
        1,
        'Durand',
        'Michel',
        '0612345678',
        'michel.durand@example.com',
        'password123',
        'Gérant'
    ),
    (
        2,
        'Lemoine',
        'Sophie',
        '0623456789',
        'sophie.lemoine@example.com',
        'sophie2023',
        'Gérant'
    ),
    (
        3,
        'Petit',
        'Jean',
        '0634567890',
        'jean.petit@example.com',
        'jeanpassword',
        'Gérant'
    ),
    (
        4,
        'Martin',
        'Amelie',
        '0645678901',
        'amelie.martin@example.com',
        'amelie2023',
        'Gérant'
    ),
    (
        5,
        'Morel',
        'Julien',
        '0656789012',
        'julien.morel@example.com',
        'juliensecure',
        'Gérant'
    ),
    (
        6,
        'Blanc',
        'Alice',
        '0667890123',
        'alice.blanc@example.com',
        'alicepw2023',
        'Gérant'
    ),
    (
        7,
        'Noel',
        'Thomas',
        '0678901234',
        'thomas.noel@example.com',
        'thomassecure',
        'Gérant'
    ),
    (
        8,
        'Fontaine',
        'Marie',
        '0689012345',
        'marie.fontaine@example.com',
        'mariepw2023',
        'Gérant'
    ),
    (
        9,
        'Garnier',
        'Leo',
        '0690123456',
        'leo.garnier@example.com',
        'leosecure2023',
        'Gérant'
    ),
    (
        10,
        'Robert',
        'Hugo',
        '0611234567',
        'hugo.robert@example.com',
        'hugopassword',
        'Gérant'
    ),
    (
        11,
        'Chevalier',
        'Camille',
        '0622345678',
        'camille.chevalier@example.com',
        'camille2023',
        'Gérant'
    ),
    (
        12,
        'Bernard',
        'Lucas',
        '0633456789',
        'lucas.bernard@example.com',
        'lucassecure',
        'Gérant'
    ),
    (
        13,
        'Simon',
        'Paul',
        '0644567890',
        'paul.simon@example.com',
        'paulpassword',
        'Gérant'
    ),
    (
        14,
        'Renard',
        'Elise',
        '0655678901',
        'elise.renard@example.com',
        'elise2023',
        'Gérant'
    ),
    (
        15,
        'Gauthier',
        'Quentin',
        '0666789012',
        'quentin.gauthier@example.com',
        'quentinsecure',
        'Gérant'
    ),
    (
        16,
        'Masson',
        'Anais',
        '0677890123',
        'anais.masson@example.com',
        'anaispassword',
        'Gérant'
    ),
    (
        17,
        'Lambert',
        'Victor',
        '0688901234',
        'victor.lambert@example.com',
        'victorsecure',
        'Gérant'
    ),
    (
        18,
        'Girard',
        'Julie',
        '0699012345',
        'julie.girard@example.com',
        'juliepw2023',
        'Gérant'
    ),
    (
        19,
        'Meyer',
        'Laura',
        '0612345678',
        'laura.meyer@example.com',
        'laurapassword',
        'Gérant'
    ),
    (
        20,
        'Dubois',
        'Alexandre',
        '0623456789',
        'alexandre.dubois@example.com',
        'alexandrepw2023',
        'Gérant'
    ),
    (
        21,
        'Morin',
        'Clara',
        '0634567890',
        'clara.morin@example.com',
        'clarapassword',
        'Gérant'
    ),
    (
        22,
        'Renaud',
        'Antoine',
        '0645678901',
        'antoine.renaud@example.com',
        'antoinepw2023',
        'Gérant'
    ),
    (
        23,
        'Rey',
        'Lucie',
        '0656789012',
        'lucie.rey@example.com',
        'luciepw2023',
        'Gérant'
    ),
    (
        24,
        'Clément',
        'Nicolas',
        '0667890123',
        'nicolas.clement@example.com',
        'nicolaspw2023',
        'Gérant'
    ),
    (
        25,
        'Marchand',
        'Emma',
        '0678901234',
        'emma.marchand@example.com',
        'emmapassword',
        'Gérant'
    ),
    (
        26,
        'Leclerc',
        'Sophia',
        '0689012345',
        'sophia.leclerc@example.com',
        'sophiapw2023',
        'Gérant'
    ),
    (
        27,
        'Perrot',
        'Morgane',
        '0690123456',
        'morgane.perrot@example.com',
        'morganepassword',
        'Gérant'
    ),
    (
        28,
        'Garcia',
        'Alexis',
        '0611234567',
        'alexis.garcia@example.com',
        'alexispw2023',
        'Gérant'
    ),
    (
        29,
        'Lopez',
        'Nathan',
        '0622345678',
        'nathan.lopez@example.com',
        'nathanpassword',
        'Gérant'
    ),
    (
        30,
        'Martinez',
        'Lea',
        '0633456789',
        'lea.martinez@example.com',
        'leapw2023',
        'Gérant'
    ),
    (
        31,
        'Rodriguez',
        'Chloe',
        '0644567890',
        'chloe.rodriguez@example.com',
        'chloepassword',
        'Gérant'
    ),
    (
        32,
        'Hernandez',
        'Eva',
        '0655678901',
        'eva.hernandez@example.com',
        'evapw2023',
        'Gérant'
    ),
    (
        33,
        'Fernandez',
        'Ethan',
        '0666789012',
        'ethan.fernandez@example.com',
        'ethanpassword',
        'Gérant'
    ),
    (
        34,
        'Alves',
        'Noah',
        '0677890123',
        'noah.alves@example.com',
        'noahpw2023',
        'Gérant'
    ),
    (
        35,
        'Silva',
        'Ines',
        '0688901234',
        'ines.silva@example.com',
        'inespassword',
        'Gérant'
    ),
    (
        36,
        'Pereira',
        'Liam',
        '0699012345',
        'liam.pereira@example.com',
        'liampw2023',
        'Gérant'
    ),
    (
        37,
        'Costa',
        'Marie',
        '0612345678',
        'marie.costa@example.com',
        'mariepw2023',
        'Gérant'
    ),
    (
        38,
        'Moreira',
        'Julien',
        '0623456789',
        'julien.moreira@example.com',
        'julienpassword',
        'Gérant'
    ),
    (
        39,
        'Barbosa',
        'Hugo',
        '0634567890',
        'hugo.barbosa@example.com',
        'hugopw2023',
        'Gérant'
    ),
    (
        40,
        'Oliveira',
        'Lola',
        '0645678901',
        'lola.oliveira@example.com',
        'lolapassword',
        'Gérant'
    ),
    (
        41,
        'Duarte',
        'Lucas',
        '0656789012',
        'lucas.duarte@example.com',
        'lucaspw2023',
        'Gérant'
    ),
    (
        42,
        'Santos',
        'Clara',
        '0667890123',
        'clara.santos@example.com',
        'clarapw2023',
        'Gérant'
    ),
    (
        43,
        'Mendes',
        'Emma',
        '0678901234',
        'emma.mendes@example.com',
        'emmapassword',
        'Gérant'
    ),
    (
        44,
        'Ramos',
        'Sophia',
        '0689012345',
        'sophia.ramos@example.com',
        'sophiapw2023',
        'Gérant'
    ),
    (
        45,
        'Vieira',
        'Nathan',
        '0690123456',
        'nathan.vieira@example.com',
        'nathanpassword',
        'Gérant'
    );
INSERT INTO ETABLISSEMENT (
        IDETABLISSEMENT,
        IDRESTAURATEUR,
        TYPEETABLISSEMENT,
        IDADRESSE,
        NOMETABLISSEMENT,
        DESCRIPTION,
        IMAGEETABLISSEMENT,
        LIVRAISON,
        AEMPORTER
    )
VALUES (
        1,
        1,
        'Restaurant',
        101,
        'McDonald''s Paris',
        'Chaîne de restauration rapide mondialement connue offrant burgers, frites et boissons gazeuses.',
        'https://tb-static.uber.com/prod/image-proc/processed_images/2fbf5a0b7a62e385368c58d3cda5420b/30be7d11a3ed6f6183354d1933fbb6c7.jpeg',
        TRUE,
        FALSE
    ),
    (
        2,
        2,
        'Restaurant',
        102,
        'Waffle Factory',
        'Spécialisé dans les gaufres sucrées et salées préparées à la demande.',
        'https://tb-static.uber.com/prod/image-proc/processed_images/66ba7e9963cfdbe3126a79bd39dcf405/fb86662148be855d931b37d6c1e5fcbe.jpeg',
        FALSE,
        TRUE
    ),
    (
        3,
        3,
        'Épicerie',
        103,
        'PAUL',
        'Boulangerie française traditionnelle offrant pains artisanaux, pâtisseries et snacks.',
        'https://tb-static.uber.com/prod/image-proc/processed_images/923496b75901cda79df0e9f8676a63ef/c73ecc27d2a9eaa735b1ee95304ba588.jpeg',
        TRUE,
        TRUE
    ),
    (
        4,
        4,
        'Restaurant',
        104,
        'El Chaltén',
        'Restaurant spécialisé dans la cuisine argentine avec des saveurs authentiques.',
        'https://tb-static.uber.com/prod/image-proc/processed_images/39c402fdde3d6556e82959a6a1875629/783282f6131ef2258e5bcd87c46aa87e.jpeg',
        FALSE,
        TRUE
    ),
    (
        5,
        5,
        'Restaurant',
        105,
        'Burger King',
        'Chaîne de restauration rapide connue pour ses burgers emblématiques comme le Whopper.',
        'https://tb-static.uber.com/prod/image-proc/processed_images/7ddafa6aaf2de203eb347fecc6104779/30be7d11a3ed6f6183354d1933fbb6c7.jpeg',
        TRUE,
        FALSE
    ),
    (
        6,
        6,
        'Restaurant',
        106,
        'Street Pasta',
        'Propose des pâtes fraîches et des sauces maison dans un cadre moderne.',
        'https://tb-static.uber.com/prod/image-proc/processed_images/73557525500196231ccc1aa93616ed6f/3ac2b39ad528f8c8c5dc77c59abb683d.jpeg',
        FALSE,
        TRUE
    ),
    (
        7,
        7,
        'Restaurant',
        107,
        'Black And White Burger',
        'Restaurant spécialisé dans les burgers gourmets avec des ingrédients de qualité.',
        'https://tb-static.uber.com/prod/image-proc/processed_images/73b96ac84870d9f13a58811443662dc0/c9252e6c6cd289c588c3381bc77b1dfc.jpeg',
        TRUE,
        FALSE
    ),
    (
        8,
        8,
        'Restaurant',
        108,
        'Ben''s Food',
        'Cuisine rapide et savoureuse avec un menu varié comprenant des options végétariennes.',
        'https://tb-static.uber.com/prod/image-proc/processed_images/2587cc6c5b933f5d9bc5064249bbe575/30be7d11a3ed6f6183354d1933fbb6c7.jpeg',
        TRUE,
        TRUE
    ),
    (
        9,
        9,
        'Épicerie',
        109,
        'Carrefour',
        'Supermarché proposant une large gamme de produits alimentaires et ménagers.',
        'https://logowik.com/content/uploads/images/210_carrefour.jpg',
        TRUE,
        FALSE
    ),
    (
        10,
        10,
        'Restaurant',
        110,
        'Fat Kebab',
        'Spécialisé dans les kebabs généreux et faits maison avec des sauces uniques.',
        'https://tb-static.uber.com/prod/image-proc/processed_images/c570cbbeec2420d1ccdeb75ac2d58231/c9252e6c6cd289c588c3381bc77b1dfc.jpeg',
        TRUE,
        FALSE
    ),
    (
        11,
        11,
        'Restaurant',
        111,
        'Island Bowls',
        'Restaurant proposant des bowls sains et équilibrés inspirés de la cuisine hawaïenne.',
        'https://tb-static.uber.com/prod/image-proc/processed_images/57efbcd5e197184d730502035e58bd84/fb86662148be855d931b37d6c1e5fcbe.jpeg',
        FALSE,
        TRUE
    ),
    (
        12,
        12,
        'Restaurant',
        112,
        'Pitaya',
        'Cuisine thaïlandaise authentique servie dans une ambiance moderne et conviviale.',
        'https://tb-static.uber.com/prod/image-proc/processed_images/40ecc6916fbbd0cd7287694a97bd1d90/3ac2b39ad528f8c8c5dc77c59abb683d.jpeg',
        TRUE,
        FALSE
    ),
    (
        13,
        13,
        'Épicerie',
        113,
        'La Mie Câline',
        'Boulangerie et pâtisserie offrant des produits frais, viennoiseries et sandwichs.',
        'https://tb-static.uber.com/prod/image-proc/processed_images/6f02c35928e2bd90b78a8091edb5976f/fb86662148be855d931b37d6c1e5fcbe.jpeg',
        TRUE,
        TRUE
    ),
    (
        14,
        14,
        'Épicerie',
        114,
        'Brioche Dorée',
        'Boulangerie café offrant viennoiseries, sandwichs et menus rapides pour emporter.',
        'https://tb-static.uber.com/prod/image-proc/processed_images/23b865a8185355fdedf2ab992ec28c72/c9252e6c6cd289c588c3381bc77b1dfc.jpeg',
        TRUE,
        FALSE
    ),
    (
        15,
        15,
        'Épicerie',
        115,
        'Franprix',
        'Magasin de proximité proposant produits alimentaires et ménagers à prix abordables.',
        'https://www.groupe-asten.fr/wp-content/uploads/2022/07/franprix-1000.png',
        TRUE,
        FALSE
    ),
    (
        16,
        16,
        'Épicerie',
        116,
        'Picard',
        'Spécialisé dans les produits surgelés de qualité pour des repas rapides et savoureux.',
        'https://cdn.worldvectorlogo.com/logos/logo-picard.svg',
        TRUE,
        TRUE
    ),
    (
        17,
        17,
        'Épicerie',
        117,
        'Vival',
        'Épicerie de quartier avec une sélection variée de produits alimentaires de base.',
        'https://tb-static.uber.com/prod/image-proc/processed_images/7148418810e489efe27be264ba3694ec/a70f5c9df440d10213e93244e9eb7cad.jpeg',
        FALSE,
        TRUE
    ),
    (
        18,
        18,
        'Restaurant',
        118,
        'Instant Rétro',
        'Restaurant au style rétro proposant des plats classiques revisités.',
        'https://tb-static.uber.com/prod/image-proc/processed_images/4be8ea88c2b77663ce2d387b2a7924aa/30be7d11a3ed6f6183354d1933fbb6c7.jpeg',
        TRUE,
        FALSE
    ),
    (
        19,
        19,
        'Restaurant',
        119,
        'Chicken HOT',
        'Spécialisé dans le poulet épicé et les accompagnements savoureux.',
        'https://tb-static.uber.com/prod/image-proc/processed_images/dcdd6f59af11b38bfaba9961f80fa0ec/cc592037c936600295e9961933037e19.jpeg',
        FALSE,
        TRUE
    ),
    (
        20,
        20,
        'Restaurant',
        120,
        'Subway',
        'Chaîne internationale proposant des sandwichs personnalisés avec des ingrédients frais.',
        'https://tb-static.uber.com/prod/image-proc/processed_images/6fc5ab9e3adaa71256b0ef5d6619159f/3ac2b39ad528f8c8c5dc77c59abb683d.jpeg',
        TRUE,
        TRUE
    ),
    (
        21,
        1,
        'Restaurant',
        130,
        'McDonald''s Annecy',
        'Restaurant rapide offrant burgers, frites et menus pour petits et grands.',
        'https://tb-static.uber.com/prod/image-proc/processed_images/2fbf5a0b7a62e385368c58d3cda5420b/30be7d11a3ed6f6183354d1933fbb6c7.jpeg',
        TRUE,
        FALSE
    ),
    (
        22,
        22,
        'Épicerie',
        132,
        'Le Petit Casino',
        'Magasin de proximité proposant produits alimentaires et ménagers à prix abordables.',
        'https://tb-static.uber.com/prod/image-proc/processed_images/3a2a6d2c3a233e71731d166c5c907afd/9b3aae4cf90f897799a5ed357d60e09d.jpeg',
        TRUE,
        FALSE
    ),
    (
        23,
        23,
        'Restaurant',
        132,
        'Eat Sushi - Compans',
        'Restaurant réputé pour ses plats japonais authentiques et ses créations originales.',
        'https://tb-static.uber.com/prod/image-proc/processed_images/991cb9e636550e8431809e82bca2cf3d/9e31c708e4cf73b6e3ea1bd4a9b6e16b.jpeg',
        FALSE,
        TRUE
    ),
    (
        24,
        24,
        'Restaurant',
        133,
        'Pepe Chicken',
        'Une expérience culinaire Halal dans la vibrante ville de Lille.',
        'https://tb-static.uber.com/prod/image-proc/processed_images/3f0c1db6cb87d1b00e94d29c79ff6efb/3ac2b39ad528f8c8c5dc77c59abb683d.jpeg',
        TRUE,
        FALSE
    ),
    (
        25,
        25,
        'Épicerie',
        134,
        'Intermarché',
        'Magasin proposant produits alimentaires et ménagers à prix abordables. Tah la lutte contre la vie cher.',
        'https://tse1.mm.bing.net/th?id=OIP.gj4ezEs_JEw1Xum51IbiaAHaEJ&pid=Api&P=0&h=360',
        TRUE,
        TRUE
    ),
    (
        26,
        26,
        'Épicerie',
        135,
        'Super U',
        'Magasin proposant produits alimentaires et ménagers à prix abordables.',
        'https://tb-static.uber.com/prod/image-proc/processed_images/9e86653f2d760320b7bfe7d16fa82439/e00617ce8176680d1c4c1a6fb65963e2.png',
        FALSE,
        TRUE
    ),
    (
        27,
        27,
        'Restaurant',
        136,
        'Les Burgers de Colette',
        'Restaurant apprécié pour ses burgers de qualité.',
        'https://tb-static.uber.com/prod/image-proc/processed_images/75d3515e5ff7edfcf05258ada26b3922/9e31c708e4cf73b6e3ea1bd4a9b6e16b.jpeg',
        TRUE,
        FALSE
    ),
    (
        28,
        28,
        'Épicerie',
        137,
        'Monoprix',
        'Magasin proposant produits alimentaires et ménagers à prix abordables.',
        'https://tb-static.uber.com/prod/image-proc/processed_images/224b86f25c53a5ebb074c1a3f8040df1/e00617ce8176680d1c4c1a6fb65963e2.png',
        FALSE,
        TRUE
    ),
    (
        29,
        1,
        'Restaurant',
        138,
        'McDonald''s Le Havre',
        'Restaurant rapide offrant burgers, frites et menus pour petits et grands.',
        'https://tb-static.uber.com/prod/image-proc/processed_images/8849186db50c90063596a8af39664c94/30be7d11a3ed6f6183354d1933fbb6c7.jpeg',
        TRUE,
        TRUE
    ),
    (
        30,
        30,
        'Épicerie',
        139,
        'Monop’',
        'Magasin proposant produits alimentaires et ménagers à prix abordables.',
        'https://tb-static.uber.com/prod/image-proc/processed_images/b9ebfa5480bf99aa56f7afec5c302fb1/e00617ce8176680d1c4c1a6fb65963e2.png',
        TRUE,
        FALSE
    ),
    (
        31,
        31,
        'Restaurant',
        140,
        'L’Istanbul',
        'Gel abi, gel abla, yemeye geeeeel',
        'https://tb-static.uber.com/prod/image-proc/processed_images/993eb2938e9af3bdd57c87c31f89fdad/16bb0a3ab8ea98cfe8906135767f7bf4.jpeg',
        TRUE,
        TRUE
    ),
    (
        32,
        16,
        'Épicerie',
        141,
        'Picard',
        'Spécialisé dans les produits surgelés de qualité pour des repas rapides et savoureux.',
        'https://cdn.worldvectorlogo.com/logos/logo-picard.svg',
        FALSE,
        TRUE
    ),
    (
        33,
        33,
        'Restaurant',
        142,
        'O’Tacos',
        'Une expérience culinaire unique avec une touche française.',
        'https://tb-static.uber.com/prod/image-proc/processed_images/6479fc4485d81ab15424048d665e8c79/30be7d11a3ed6f6183354d1933fbb6c7.jpeg',
        TRUE,
        TRUE
    ),
    (
        34,
        9,
        'Épicerie',
        143,
        'Carrefour',
        'Supermarché proposant une large gamme de produits alimentaires et ménagers.',
        'https://logowik.com/content/uploads/images/210_carrefour.jpg',
        FALSE,
        TRUE
    ),
    (
        35,
        35,
        'Restaurant',
        175,
        'Chicken Alpes',
        'Un établissement spécialisé dans la cuisine de type "Pollo" de los Pollos Chickanos.',
        'https://tb-static.uber.com/prod/image-proc/processed_images/4fcd2c0217a719acc80ee4b9c2e6d2fd/fb86662148be855d931b37d6c1e5fcbe.jpeg',
        TRUE,
        FALSE
    ),
    (
        36,
        36,
        'Restaurant',
        189,
        'Mister Food',
        'Mister Food est un restaurant halal apprécié pour ses plats variés et savoureux, offrant une expérience culinaire authentique avec une note parfaite de 5.0 de la part des clients',
        'https://tb-static.uber.com/prod/image-proc/processed_images/87149bd676882bb98123ee70f79a1085/16bb0a3ab8ea98cfe8906135767f7bf4.jpeg',
        TRUE,
        TRUE
    ),
    (
        37,
        37,
        'Restaurant',
        190,
        'NACHOS Mexican Grill',
        'NACHOS - Mexican Food offre une expérience gastronomique mexicaine authentique.',
        'https://tb-static.uber.com/prod/image-proc/processed_images/5b659173226fd2ddd937bbc6f5a94914/30be7d11a3ed6f6183354d1933fbb6c7.jpeg',
        TRUE,
        TRUE
    ),
    (
        38,
        38,
        'Restaurant',
        191,
        'Viet''miam',
        'Viet''miam - Le classique viet tah tanguy',
        'https://tb-static.uber.com/prod/image-proc/processed_images/6733b8e361cc950cbb27b38efd950a21/fb86662148be855d931b37d6c1e5fcbe.webp',
        TRUE,
        TRUE
    ),
    (
        39,
        39,
        'Restaurant',
        192,
        'Manna - Korean food',
        'Manna - Korean food 🥢 offre une expérience culinaire authentiquement asiatique avec une spécialisation dans la cuisine coréenne.',
        'https://tb-static.uber.com/prod/image-proc/processed_images/be594d5478bbbe2a8bfc0826a0515e29/3ac2b39ad528f8c8c5dc77c59abb683d.jpeg',
        TRUE,
        TRUE
    ),
    (
        40,
        40,
        'Restaurant',
        193,
        'Wall Str’eat',
        'Wall Str’eat à Grenoble est un établissement de restauration rapide apprécié pour ses options de repas copieuses.',
        'https://tb-static.uber.com/prod/image-proc/processed_images/ee65bc299b54db78b0af0c3950481654/c9252e6c6cd289c588c3381bc77b1dfc.jpeg',
        TRUE,
        TRUE
    ),
    (
        41,
        41,
        'Restaurant',
        194,
        'Kefi',
        'Situé au cœur de Lyon, Kefi est un restaurant grec apprécié pour son ambiance chaleureuse et son authentique cuisine hellénique.',
        'https://tb-static.uber.com/prod/image-proc/processed_images/36a5cb781ca4fd0dd3130569ba816580/fb86662148be855d931b37d6c1e5fcbe.jpeg',
        TRUE,
        TRUE
    ),
    (
        42,
        42,
        'Restaurant',
        195,
        'La Kazdalerie',
        'La Kazdalerie par Zack Nani',
        'https://tb-static.uber.com/prod/image-proc/processed_images/4b9250c5cdccea730e4f3f23ad23b9b3/30be7d11a3ed6f6183354d1933fbb6c7.jpeg',
        TRUE,
        TRUE
    ),
    (
        43,
        43,
        'Restaurant',
        196,
        'Rosti Poulet',
        'Le restaurant excelle particulièrement avec ses plats populaires comme le Poulet Entier, la Barquette De Pâtes Au Poulet, et la Barquette d''ALOCO',
        'https://tb-static.uber.com/prod/image-proc/processed_images/a1c42b6f6c19804a3214aca6e7347290/fb86662148be855d931b37d6c1e5fcbe.jpeg',
        TRUE,
        TRUE
    ),
    (
        44,
        44,
        'Restaurant',
        197,
        'King Marcel',
        'King Marcel - Augagneur, situé à Lyon, est une adresse incontournable pour les amateurs de burgers. Ce restaurant est particulièrement célèbre pour ses options de burgers variées, y compris des options végétariennes riches et savoureuses.',
        'https://tb-static.uber.com/prod/image-proc/processed_images/fcd4f4a95ef8ba5d5a5c357a88c0e8a5/c9252e6c6cd289c588c3381bc77b1dfc.jpeg',
        TRUE,
        TRUE
    ),
    (
        45,
        45,
        'Restaurant',
        198,
        'Tacos World',
        'Situé dans la vibrante ville de Lyon, Tacos World - Chevreul est une destination idéale pour les amateurs de cuisine mexicaine avec une twist française.',
        'https://tb-static.uber.com/prod/image-proc/processed_images/a5a1781d60187bc731532a2f4cbd6588/fb86662148be855d931b37d6c1e5fcbe.jpeg',
        TRUE,
        TRUE
    );
INSERT INTO GESTION_ETABLISSEMENT (IDGESTION, IDETABLISSEMENT, IDRESPONSABLE)
VALUES (1, 1, 1),
    (2, 2, 2),
    (3, 3, 3),
    (4, 4, 4),
    (5, 5, 5),
    (6, 6, 6),
    (7, 7, 7),
    (8, 8, 8),
    (9, 9, 9),
    (10, 10, 10),
    (11, 11, 11),
    (12, 12, 12),
    (13, 13, 13),
    (14, 14, 14),
    (15, 15, 15),
    (16, 16, 16),
    (17, 17, 17),
    (18, 18, 18),
    (19, 19, 19),
    (20, 20, 20),
    (21, 21, 21),
    (22, 22, 22),
    (23, 23, 23),
    (24, 24, 24),
    (25, 25, 25),
    (26, 26, 26),
    (27, 27, 27),
    (28, 28, 28),
    (29, 29, 29),
    (30, 30, 30),
    (31, 31, 31),
    (32, 32, 32),
    (33, 33, 33),
    (34, 34, 34),
    (35, 35, 35),
    (36, 36, 36),
    (37, 37, 37),
    (38, 38, 38),
    (39, 39, 39),
    (40, 40, 40),
    (41, 41, 41),
    (42, 42, 42),
    (43, 43, 43),
    (44, 44, 44),
    (45, 45, 45);
INSERT INTO EST_SITUE_A_2 (IDPRODUIT, IDETABLISSEMENT)
VALUES -- Établissement 1
    (1, 1),
    (2, 1),
    (3, 1),
    (4, 1),
    (122, 1),
    -- Établissement 2
    (5, 2),
    (6, 2),
    -- Établissement 6
    (7, 6),
    (21, 6),
    (22, 6),
    (23, 6),
    (24, 6),
    (30, 6),
    (32, 6),
    -- Établissement 8
    (8, 8),
    (119, 8),
    (120, 8),
    (121, 8),
    -- Établissement 3
    (9, 3),
    (10, 3),
    (11, 3),
    (12, 3),
    -- Établissement 4
    (13, 4),
    (70, 4),
    -- Établissement 5
    (17, 5),
    (18, 5),
    (19, 5),
    (20, 5),
    -- Établissement 7
    (25, 7),
    (26, 7),
    (27, 7),
    (28, 7),
    (29, 7),
    -- Établissement 9
    (82, 9),
    (86, 9),
    (88, 9),
    (91, 9),
    (96, 9),
    -- Établissement 10
    (38, 10),
    (39, 10),
    (40, 10),
    (41, 10),
    -- Établissement 11
    (15, 11),
    (43, 11),
    (45, 11),
    (46, 11),
    -- Établissement 12
    (44, 12),
    (47, 12),
    (48, 12),
    -- Établissement 13
    (49, 13),
    (50, 13),
    (57, 13),
    -- Établissement 14
    (51, 14),
    (52, 14),
    (53, 14),
    (54, 14),
    (55, 14),
    (56, 14),
    (58, 14),
    -- Établissement 15
    (16, 15),
    (35, 15),
    (61, 15),
    (64, 15),
    (69, 15),
    -- Établissement 16
    (62, 16),
    (63, 16),
    (68, 16),
    -- Établissement 17
    (37, 17),
    (65, 17),
    (66, 17),
    (67, 17),
    (93, 17),
    (95, 17),
    (97, 17),
    (99, 17),
    -- Établissement 18
    (42, 18),
    (71, 18),
    (72, 18),
    -- Établissement 19
    (79, 19),
    (80, 19),
    -- Établissement 20
    (31, 20),
    (73, 20),
    (74, 20),
    (75, 20),
    (76, 20),
    (77, 20),
    (78, 20),
    -- Établissement 21
    (1, 21),
    (2, 21),
    (3, 21),
    (4, 21),
    (122, 21),
    -- Établissement 22
    (33, 22),
    (60, 22),
    (100, 22),
    -- Établissement 24
    (101, 24),
    (102, 24),
    (103, 24),
    (104, 24),
    -- Établissement 25
    (34, 25),
    (36, 25),
    -- Établissement 26
    (59, 26),
    (98, 26),
    -- Établissement 27
    (107, 27),
    (108, 27),
    (109, 27),
    -- Établissement 28
    (81, 28),
    (110, 28),
    -- Établissement 29
    (1, 29),
    (2, 29),
    (3, 29),
    (4, 29),
    (122, 29),
    -- Établissement 30
    (89, 30),
    (90, 30),
    (92, 30),
    (94, 30),
    -- Établissement 31
    (111, 31),
    (112, 31),
    (113, 31),
    -- Établissement 32
    (62, 32),
    (63, 32),
    (68, 32),
    -- Établissement 33
    (114, 33),
    (115, 33),
    -- Établissement 34
    (83, 34),
    (84, 34),
    (85, 34),
    (87, 34),
    -- Établissement 35
    (116, 35),
    (117, 35),
    (118, 35),
    -- Établissement 36
    (123, 36),
    (124, 36),
    (125, 36),
    (126, 36),
    -- Établissement 37
    (127, 37),
    (128, 37),
    (129, 37),
    (130, 37),
    -- Établissement 38
    (131, 38),
    (132, 38),
    (133, 38),
    -- Établissement 39
    (134, 39),
    (135, 39),
    (136, 39),
    -- Établissement 40
    (137, 40),
    (138, 40),
    (139, 40),
    -- Établissement 41
    (140, 41),
    (141, 41),
    (142, 41),
    -- Établissement 42
    (143, 42),
    (144, 42),
    (145, 42),
    (146, 42),
    -- Établissement 43
    (147, 43),
    (148, 43),
    (149, 43),
    -- Établissement 44
    (150, 44),
    (151, 44),
    (152, 44),
    -- Établissement 45
    (153, 45),
    (154, 45),
    (155, 45);
INSERT INTO A_COMME_CATEGORIE (IDETABLISSEMENT, IDCATEGORIEPRESTATION)
VALUES -- McDonald's Paris
    (1, 7),
    -- Fast food
    (1, 8),
    -- Burgers
    (1, 34),
    -- Américaine
    (1, 42),
    -- Repas détente
    (1, 25),
    -- Petit-déjeuner
    (1, 15),
    -- Ailes de poulet
    -- Waffle Factory
    (2, 7),
    -- Fast food
    (2, 16),
    -- Boulangerie
    (2, 42),
    -- Repas détente
    (2, 25),
    -- Petit-déjeuner
    (2, 10),
    -- Cuisine saine
    -- PAUL
    (3, 16),
    -- Boulangerie
    (3, 35),
    -- Café
    (3, 25),
    -- Petit-déjeuner
    (3, 42),
    -- Repas détente
    (3, 1),
    -- Courses
    -- El Chaltén
    (4, 10),
    -- Cuisine saine
    (4, 24),
    -- Spécialité
    (4, 34),
    -- Américaine
    (4, 20),
    -- Mexicaine
    (4, 42),
    -- Repas détente
    -- Burger King
    (5, 7),
    -- Fast food
    (5, 8),
    -- Burgers
    (5, 42),
    -- Repas détente
    (5, 34),
    -- Américaine
    (5, 25),
    -- Petit-déjeuner
    -- Street Pasta
    (6, 22),
    -- Italienne
    (6, 10),
    -- Cuisine saine
    (6, 42),
    -- Repas détente
    (6, 21),
    -- Sandwich
    -- Black And White Burger
    (7, 8),
    -- Burgers
    (7, 7),
    -- Fast food
    (7, 42),
    -- Repas détente
    (7, 15),
    -- Ailes de poulet
    (7, 34),
    -- Américaine
    -- Ben's Food
    (8, 7),
    -- Fast food
    (8, 10),
    -- Cuisine saine
    (8, 42),
    -- Repas détente
    (8, 24),
    -- Spécialité
    (8, 34),
    -- Américaine
    -- Carrefour
    (9, 6),
    -- Épicerie
    (9, 1),
    -- Courses
    (9, 36),
    -- Hygiène
    (9, 28),
    -- Parapharmacie
    (9, 16),
    -- Boulangerie
    -- Fat Kebab
    (10, 2),
    -- Halal
    (10, 15),
    -- Ailes de poulet
    (10, 42),
    -- Repas détente
    (10, 34),
    -- Américaine
    -- Island Bowls
    (11, 19),
    -- Poke
    (11, 10),
    -- Cuisine saine
    (11, 45),
    -- Hawaïenne
    (11, 24),
    -- Spécialité
    (11, 9),
    -- Asiatique
    -- Pitaya
    (12, 11),
    -- Thaïlandaise
    (12, 9),
    -- Asiatique
    (12, 10),
    -- Cuisine saine
    (12, 24),
    -- Spécialité
    (12, 31),
    -- Vietnamienne
    -- La Mie Câline
    (13, 16),
    -- Boulangerie
    (13, 7),
    -- Fast food
    (13, 25),
    -- Petit-déjeuner
    (13, 42),
    -- Repas détente
    -- Brioche Dorée
    (14, 16),
    -- Boulangerie
    (14, 25),
    -- Petit-déjeuner
    (14, 42),
    -- Repas détente
    (14, 7),
    -- Fast food
    -- Franprix
    (15, 6),
    -- Épicerie
    (15, 1),
    -- Courses
    (15, 36),
    -- Hygiène
    (15, 16),
    -- Boulangerie
    -- Picard
    (16, 6),
    -- Épicerie
    (16, 1),
    -- Courses
    (16, 10),
    -- Cuisine saine
    (16, 36),
    -- Hygiène
    (16, 42),
    -- Repas détente
    -- Vival
    (17, 6),
    -- Épicerie
    (17, 1),
    -- Courses
    (17, 36),
    -- Hygiène
    (17, 28),
    -- Parapharmacie
    -- Instant Rétro
    (18, 42),
    -- Repas détente
    (18, 41),
    -- Street food
    (18, 34),
    -- Américaine
    (18, 24),
    -- Spécialité
    -- Chicken HOT
    (19, 15),
    -- Ailes de poulet
    (19, 7),
    -- Fast food
    (19, 42),
    -- Repas détente
    (19, 34),
    -- Américaine
    -- Subway
    (20, 21),
    -- Sandwich
    (20, 7),
    -- Fast food
    (20, 42),
    -- Repas détente
    (20, 10),
    -- Cuisine saine
    -- McDonald's Annecy
    (21, 7),
    -- Fast food
    (21, 8),
    -- Burgers
    (21, 34),
    -- Américaine
    (21, 15),
    -- Ailes de poulet
    -- Le Petit Casino
    (22, 6),
    -- Épicerie
    (22, 1),
    -- Courses
    (22, 36),
    -- Hygiène
    (22, 16),
    -- Boulangerie
    -- Eat Sushi - Compans
    (23, 4),
    -- Sushis
    (23, 30),
    -- Japonaise
    (23, 9),
    -- Asiatique
    (23, 42),
    -- Repas détente
    -- Pepe Chicken
    (24, 2),
    -- Halal
    (24, 15),
    -- Ailes de poulet
    (24, 42),
    -- Repas détente
    (24, 34),
    -- Américaine
    -- Intermarché
    (25, 6),
    -- Épicerie
    (25, 1),
    -- Courses
    (25, 36),
    -- Hygiène
    (25, 16),
    -- Boulangerie
    -- Super U
    (26, 6),
    -- Épicerie
    (26, 1),
    -- Courses
    (26, 36),
    -- Hygiène
    (26, 16),
    -- Boulangerie
    -- Les Burgers de Colette
    (27, 8),
    -- Burgers
    (27, 7),
    -- Fast food
    (27, 42),
    -- Repas détente
    (27, 34),
    -- Américaine
    -- Monoprix
    (28, 6),
    -- Épicerie
    (28, 1),
    -- Courses
    (28, 36),
    -- Hygiène
    (28, 16),
    -- Boulangerie
    -- McDonald's Le Havre
    (29, 7),
    -- Fast food
    (29, 8),
    -- Burgers
    (29, 34),
    -- Américaine
    (29, 15),
    -- Ailes de poulet
    -- Monop’
    (30, 6),
    -- Épicerie
    (30, 1),
    -- Courses
    (30, 36),
    -- Hygiène
    (30, 16),
    -- Boulangerie
    -- L’Istanbul
    (31, 2),
    -- Halal
    (31, 40),
    -- Grecque
    (31, 42),
    -- Repas détente
    (31, 41),
    -- Street food
    -- Picard (second instance)
    (32, 6),
    -- Épicerie
    (32, 1),
    -- Courses
    (32, 10),
    -- Cuisine saine
    (32, 42),
    -- Repas détente
    -- O’Tacos
    (33, 2),
    -- Halal
    (33, 7),
    -- Fast food
    (33, 41),
    -- Street food
    (33, 24),
    -- Spécialité
    -- Carrefour (second instance)
    (34, 6),
    -- Épicerie
    (34, 1),
    -- Courses
    (34, 36),
    -- Hygiène
    (34, 16),
    -- Boulangerie
    -- Chicken Alpes
    (35, 15),
    -- Ailes de poulet
    (35, 2),
    -- Halal
    (35, 42),
    -- Repas détente
    -- Mister Food
    (36, 2),
    -- Halal
    (36, 24),
    -- Spécialité
    (36, 42),
    -- Repas détente
    -- NACHOS Mexican Grill
    (37, 20),
    -- Mexicaine
    (37, 24),
    -- Spécialité
    (37, 42),
    -- Repas détente
    (37, 9),
    -- Asiatique
    -- Viet'miam
    (38, 31),
    -- Vietnamienne
    (38, 9),
    -- Asiatique
    (38, 42),
    -- Repas détente
    -- Manna - Korean Food
    (39, 12),
    -- Coréenne
    (39, 9),
    -- Asiatique
    (39, 42),
    -- Repas détente
    -- Wall Str’eat
    (40, 41),
    -- Street food
    (40, 7),
    -- Fast food
    (40, 42),
    -- Repas détente
    -- Kefi
    (41, 40),
    -- Grecque
    (41, 24),
    -- Spécialité
    (41, 42),
    -- Repas détente
    -- La Kazdalerie
    (42, 8),
    -- Burgers
    (42, 41),
    -- Street food
    (42, 42),
    -- Repas détente
    -- Rosti Poulet
    (43, 15),
    -- Ailes de poulet
    (43, 24),
    -- Spécialité
    (43, 42),
    -- Repas détente
    -- King Marcel
    (44, 8),
    -- Burgers
    (44, 24),
    -- Spécialité
    (44, 42),
    -- Repas détente
    -- Tacos World
    (45, 20),
    -- Mexicaine
    (45, 2),
    -- Halal
    (45, 42);
-- Repas détente
INSERT INTO HORAIRES (
        IDHORAIRES,
        IDETABLISSEMENT,
        JOURSEMAINE,
        HORAIRESOUVERTURE,
        HORAIRESFERMETURE
    )
VALUES (
        1,
        1,
        'Lundi',
        '07:30:00+01',
        '23:00:00+01'
    ),
    (
        2,
        1,
        'Mardi',
        '07:30:00+01',
        '23:00:00+01'
    ),
    (
        3,
        1,
        'Mercredi',
        '07:30:00+01',
        '23:00:00+01'
    ),
    (
        4,
        1,
        'Jeudi',
        '07:30:00+01',
        '23:00:00+01'
    ),
    (
        5,
        1,
        'Vendredi',
        '07:30:00+01',
        '23:00:00+01'
    ),
    (
        6,
        1,
        'Samedi',
        '07:30:00+01',
        '23:00:00+01'
    ),
    (
        7,
        1,
        'Dimanche',
        '07:30:00+01',
        '22:00:00+01'
    ),
    (
        8,
        2,
        'Lundi',
        '12:00:00+01',
        '22:00:00+01'
    ),
    (
        9,
        2,
        'Mardi',
        '12:00:00+01',
        '22:00:00+01'
    ),
    (
        10,
        2,
        'Mercredi',
        '12:00:00+01',
        '22:00:00+01'
    ),
    (
        11,
        2,
        'Jeudi',
        '12:00:00+01',
        '22:00:00+01'
    ),
    (
        12,
        2,
        'Vendredi',
        '12:00:00+01',
        '23:00:00+01'
    ),
    (
        13,
        2,
        'Samedi',
        '12:00:00+01',
        '23:00:00+01'
    ),
    (
        14,
        2,
        'Dimanche',
        '18:00:00+01',
        '22:00:00+01'
    ),
    (
        15,
        3,
        'Lundi',
        '06:30:00+01',
        '20:00:00+01'
    ),
    (
        16,
        3,
        'Mardi',
        '06:30:00+01',
        '20:00:00+01'
    ),
    (
        17,
        3,
        'Mercredi',
        '06:30:00+01',
        '20:00:00+01'
    ),
    (
        18,
        3,
        'Jeudi',
        '06:30:00+01',
        '20:00:00+01'
    ),
    (
        19,
        3,
        'Vendredi',
        '06:30:00+01',
        '20:00:00+01'
    ),
    (
        20,
        3,
        'Samedi',
        '06:00:00+01',
        '20:00:00+01'
    ),
    (
        21,
        3,
        'Dimanche',
        '06:00:00+01',
        '19:00:00+01'
    ),
    (
        22,
        4,
        'Lundi',
        '12:00:00+01',
        '22:00:00+01'
    ),
    (
        23,
        4,
        'Mardi',
        '12:00:00+01',
        '22:00:00+01'
    ),
    (
        24,
        4,
        'Mercredi',
        '12:00:00+01',
        '22:00:00+01'
    ),
    (
        25,
        4,
        'Jeudi',
        '12:00:00+01',
        '22:00:00+01'
    ),
    (
        26,
        4,
        'Vendredi',
        '12:00:00+01',
        '23:00:00+01'
    ),
    (
        27,
        4,
        'Samedi',
        '12:00:00+01',
        '23:00:00+01'
    ),
    (
        28,
        4,
        'Dimanche',
        '18:00:00+01',
        '22:00:00+01'
    ),
    (
        29,
        5,
        'Lundi',
        '07:30:00+01',
        '23:00:00+01'
    ),
    (
        30,
        5,
        'Mardi',
        '07:30:00+01',
        '23:00:00+01'
    ),
    (
        31,
        5,
        'Mercredi',
        '07:30:00+01',
        '23:00:00+01'
    ),
    (
        32,
        5,
        'Jeudi',
        '07:30:00+01',
        '23:00:00+01'
    ),
    (
        33,
        5,
        'Vendredi',
        '07:30:00+01',
        '23:00:00+01'
    ),
    (
        34,
        5,
        'Samedi',
        '07:30:00+01',
        '23:00:00+01'
    ),
    (
        35,
        5,
        'Dimanche',
        '07:30:00+01',
        '22:00:00+01'
    ),
    (
        36,
        6,
        'Lundi',
        '11:00:00+01',
        '22:00:00+01'
    ),
    (
        37,
        6,
        'Mardi',
        '11:00:00+01',
        '22:00:00+01'
    ),
    (
        38,
        6,
        'Mercredi',
        '11:00:00+01',
        '22:00:00+01'
    ),
    (
        39,
        6,
        'Jeudi',
        '11:00:00+01',
        '22:00:00+01'
    ),
    (
        40,
        6,
        'Vendredi',
        '11:00:00+01',
        '23:00:00+01'
    ),
    (
        41,
        6,
        'Samedi',
        '11:00:00+01',
        '23:00:00+01'
    ),
    (
        42,
        6,
        'Dimanche',
        '18:00:00+01',
        '22:00:00+01'
    ),
    (
        43,
        7,
        'Lundi',
        '12:00:00+01',
        '22:00:00+01'
    ),
    (
        44,
        7,
        'Mardi',
        '12:00:00+01',
        '22:00:00+01'
    ),
    (
        45,
        7,
        'Mercredi',
        '12:00:00+01',
        '22:00:00+01'
    ),
    (
        46,
        7,
        'Jeudi',
        '12:00:00+01',
        '22:00:00+01'
    ),
    (
        47,
        7,
        'Vendredi',
        '12:00:00+01',
        '23:00:00+01'
    ),
    (
        48,
        7,
        'Samedi',
        '12:00:00+01',
        '23:00:00+01'
    ),
    (
        49,
        7,
        'Dimanche',
        '18:00:00+01',
        '22:00:00+01'
    ),
    (
        50,
        8,
        'Lundi',
        '10:00:00+01',
        '22:00:00+01'
    ),
    (
        51,
        8,
        'Mardi',
        '10:00:00+01',
        '22:00:00+01'
    ),
    (
        52,
        8,
        'Mercredi',
        '10:00:00+01',
        '22:00:00+01'
    ),
    (
        53,
        8,
        'Jeudi',
        '10:00:00+01',
        '22:00:00+01'
    ),
    (
        54,
        8,
        'Vendredi',
        '10:00:00+01',
        '23:00:00+01'
    ),
    (
        55,
        8,
        'Samedi',
        '10:00:00+01',
        '23:00:00+01'
    ),
    (
        56,
        8,
        'Dimanche',
        '10:00:00+01',
        '21:00:00+01'
    ),
    (
        57,
        9,
        'Lundi',
        '08:00:00+01',
        '22:00:00+01'
    ),
    (
        58,
        9,
        'Mardi',
        '08:00:00+01',
        '22:00:00+01'
    ),
    (
        59,
        9,
        'Mercredi',
        '08:00:00+01',
        '22:00:00+01'
    ),
    (
        60,
        9,
        'Jeudi',
        '08:00:00+01',
        '22:00:00+01'
    ),
    (
        61,
        9,
        'Vendredi',
        '08:00:00+01',
        '22:00:00+01'
    ),
    (
        62,
        9,
        'Samedi',
        '08:00:00+01',
        '22:00:00+01'
    ),
    (
        63,
        9,
        'Dimanche',
        '09:00:00+01',
        '12:00:00+01'
    ),
    (
        64,
        10,
        'Lundi',
        '12:00:00+01',
        '22:00:00+01'
    ),
    (
        65,
        10,
        'Mardi',
        '12:00:00+01',
        '22:00:00+01'
    ),
    (
        66,
        10,
        'Mercredi',
        '12:00:00+01',
        '22:00:00+01'
    ),
    (
        67,
        10,
        'Jeudi',
        '12:00:00+01',
        '22:00:00+01'
    ),
    (
        68,
        10,
        'Vendredi',
        '12:00:00+01',
        '23:00:00+01'
    ),
    (
        69,
        10,
        'Samedi',
        '12:00:00+01',
        '23:00:00+01'
    ),
    (
        70,
        10,
        'Dimanche',
        '18:00:00+01',
        '22:00:00+01'
    ),
    (
        71,
        11,
        'Lundi',
        '11:30:00+01',
        '21:30:00+01'
    ),
    (
        72,
        11,
        'Mardi',
        '11:30:00+01',
        '21:30:00+01'
    ),
    (
        73,
        11,
        'Mercredi',
        '11:30:00+01',
        '21:30:00+01'
    ),
    (
        74,
        11,
        'Jeudi',
        '11:30:00+01',
        '21:30:00+01'
    ),
    (
        75,
        11,
        'Vendredi',
        '11:30:00+01',
        '22:00:00+01'
    ),
    (
        76,
        11,
        'Samedi',
        '11:30:00+01',
        '22:00:00+01'
    ),
    (
        77,
        11,
        'Dimanche',
        '18:00:00+01',
        '21:30:00+01'
    ),
    (
        78,
        12,
        'Lundi',
        '11:00:00+01',
        '22:00:00+01'
    ),
    (
        79,
        12,
        'Mardi',
        '11:00:00+01',
        '22:00:00+01'
    ),
    (
        80,
        12,
        'Mercredi',
        '11:00:00+01',
        '22:00:00+01'
    ),
    (
        81,
        12,
        'Jeudi',
        '11:00:00+01',
        '22:00:00+01'
    ),
    (
        82,
        12,
        'Vendredi',
        '11:00:00+01',
        '22:30:00+01'
    ),
    (
        83,
        12,
        'Samedi',
        '11:00:00+01',
        '22:30:00+01'
    ),
    (
        84,
        12,
        'Dimanche',
        '12:00:00+01',
        '22:00:00+01'
    ),
    (
        85,
        13,
        'Lundi',
        '07:30:00+01',
        '20:00:00+01'
    ),
    (
        86,
        13,
        'Mardi',
        '07:30:00+01',
        '20:00:00+01'
    ),
    (
        87,
        13,
        'Mercredi',
        '07:30:00+01',
        '20:00:00+01'
    ),
    (
        88,
        13,
        'Jeudi',
        '07:30:00+01',
        '20:00:00+01'
    ),
    (
        89,
        13,
        'Vendredi',
        '07:30:00+01',
        '20:00:00+01'
    ),
    (
        90,
        13,
        'Samedi',
        '08:00:00+01',
        '20:00:00+01'
    ),
    (
        91,
        13,
        'Dimanche',
        '08:00:00+01',
        '14:00:00+01'
    ),
    (
        92,
        14,
        'Lundi',
        '07:00:00+01',
        '20:00:00+01'
    ),
    (
        93,
        14,
        'Mardi',
        '07:00:00+01',
        '20:00:00+01'
    ),
    (
        94,
        14,
        'Mercredi',
        '07:00:00+01',
        '20:00:00+01'
    ),
    (
        95,
        14,
        'Jeudi',
        '07:00:00+01',
        '20:00:00+01'
    ),
    (
        96,
        14,
        'Vendredi',
        '07:00:00+01',
        '20:00:00+01'
    ),
    (
        97,
        14,
        'Samedi',
        '08:00:00+01',
        '20:00:00+01'
    ),
    (
        98,
        14,
        'Dimanche',
        '08:00:00+01',
        '19:00:00+01'
    ),
    (
        99,
        15,
        'Lundi',
        '08:00:00+01',
        '21:00:00+01'
    ),
    (
        100,
        15,
        'Mardi',
        '08:00:00+01',
        '21:00:00+01'
    ),
    (
        101,
        15,
        'Mercredi',
        '08:00:00+01',
        '21:00:00+01'
    ),
    (
        102,
        15,
        'Jeudi',
        '08:00:00+01',
        '21:00:00+01'
    ),
    (
        103,
        15,
        'Vendredi',
        '08:00:00+01',
        '21:00:00+01'
    ),
    (
        104,
        15,
        'Samedi',
        '08:00:00+01',
        '21:00:00+01'
    ),
    (
        105,
        15,
        'Dimanche',
        '09:00:00+01',
        '12:00:00+01'
    ),
    (
        106,
        16,
        'Lundi',
        '09:00:00+01',
        '20:00:00+01'
    ),
    (
        107,
        16,
        'Mardi',
        '09:00:00+01',
        '20:00:00+01'
    ),
    (
        108,
        16,
        'Mercredi',
        '09:00:00+01',
        '20:00:00+01'
    ),
    (
        109,
        16,
        'Jeudi',
        '09:00:00+01',
        '20:00:00+01'
    ),
    (
        110,
        16,
        'Vendredi',
        '09:00:00+01',
        '20:00:00+01'
    ),
    (
        111,
        16,
        'Samedi',
        '09:00:00+01',
        '20:00:00+01'
    ),
    (
        112,
        16,
        'Dimanche',
        '09:30:00+01',
        '12:00:00+01'
    ),
    (
        113,
        17,
        'Lundi',
        '07:30:00+01',
        '19:30:00+01'
    ),
    (
        114,
        17,
        'Mardi',
        '07:30:00+01',
        '19:30:00+01'
    ),
    (
        115,
        17,
        'Mercredi',
        '07:30:00+01',
        '19:30:00+01'
    ),
    (
        116,
        17,
        'Jeudi',
        '07:30:00+01',
        '19:30:00+01'
    ),
    (
        117,
        17,
        'Vendredi',
        '07:30:00+01',
        '19:30:00+01'
    ),
    (
        118,
        17,
        'Samedi',
        '08:00:00+01',
        '19:30:00+01'
    ),
    (
        119,
        17,
        'Dimanche',
        '08:00:00+01',
        '12:30:00+01'
    ),
    (
        120,
        18,
        'Lundi',
        '12:00:00+01',
        '22:00:00+01'
    ),
    (
        121,
        18,
        'Mardi',
        '12:00:00+01',
        '22:00:00+01'
    ),
    (
        122,
        18,
        'Mercredi',
        '12:00:00+01',
        '22:00:00+01'
    ),
    (
        123,
        18,
        'Jeudi',
        '12:00:00+01',
        '22:00:00+01'
    ),
    (
        124,
        18,
        'Vendredi',
        '12:00:00+01',
        '23:00:00+01'
    ),
    (
        125,
        18,
        'Samedi',
        '12:00:00+01',
        '23:00:00+01'
    ),
    (
        126,
        18,
        'Dimanche',
        '18:00:00+01',
        '22:00:00+01'
    ),
    (
        127,
        19,
        'Lundi',
        '11:30:00+01',
        '22:00:00+01'
    ),
    (
        128,
        19,
        'Mardi',
        '11:30:00+01',
        '22:00:00+01'
    ),
    (
        129,
        19,
        'Mercredi',
        '11:30:00+01',
        '22:00:00+01'
    ),
    (
        130,
        19,
        'Jeudi',
        '11:30:00+01',
        '22:00:00+01'
    ),
    (
        131,
        19,
        'Vendredi',
        '11:30:00+01',
        '22:30:00+01'
    ),
    (
        132,
        19,
        'Samedi',
        '11:30:00+01',
        '22:30:00+01'
    ),
    (
        133,
        19,
        'Dimanche',
        '18:00:00+01',
        '22:00:00+01'
    ),
    (
        134,
        20,
        'Lundi',
        '07:30:00+01',
        '23:00:00+01'
    ),
    (
        135,
        20,
        'Mardi',
        '07:30:00+01',
        '23:00:00+01'
    ),
    (
        136,
        20,
        'Mercredi',
        '07:30:00+01',
        '23:00:00+01'
    ),
    (
        137,
        20,
        'Jeudi',
        '07:30:00+01',
        '23:00:00+01'
    ),
    (
        138,
        20,
        'Vendredi',
        '07:30:00+01',
        '23:00:00+01'
    ),
    (
        139,
        20,
        'Samedi',
        '07:30:00+01',
        '23:00:00+01'
    ),
    (
        140,
        20,
        'Dimanche',
        '07:30:00+01',
        '22:00:00+01'
    ),
    (
        141,
        21,
        'Lundi',
        '07:30:00+01',
        '23:00:00+01'
    ),
    (
        142,
        21,
        'Mardi',
        '07:30:00+01',
        '23:00:00+01'
    ),
    (
        143,
        21,
        'Mercredi',
        '07:30:00+01',
        '23:00:00+01'
    ),
    (
        144,
        21,
        'Jeudi',
        '07:30:00+01',
        '23:00:00+01'
    ),
    (
        145,
        21,
        'Vendredi',
        '07:30:00+01',
        '23:00:00+01'
    ),
    (
        146,
        21,
        'Samedi',
        '07:30:00+01',
        '23:00:00+01'
    ),
    (
        147,
        21,
        'Dimanche',
        '07:30:00+01',
        '22:00:00+01'
    ),
    (
        148,
        22,
        'Lundi',
        '07:30:00+01',
        '22:00:00+01'
    ),
    (
        149,
        22,
        'Mardi',
        '07:30:00+01',
        '22:00:00+01'
    ),
    (
        150,
        22,
        'Mercredi',
        '07:30:00+01',
        '22:00:00+01'
    ),
    (
        151,
        22,
        'Jeudi',
        '07:30:00+01',
        '22:00:00+01'
    ),
    (
        152,
        22,
        'Vendredi',
        '07:30:00+01',
        '22:00:00+01'
    ),
    (
        153,
        22,
        'Samedi',
        '07:30:00+01',
        '22:00:00+01'
    ),
    (
        154,
        22,
        'Dimanche',
        '08:00:00+01',
        '20:00:00+01'
    ),
    (
        155,
        23,
        'Lundi',
        '11:00:00+01',
        '23:00:00+01'
    ),
    (
        156,
        23,
        'Mardi',
        '11:00:00+01',
        '23:00:00+01'
    ),
    (
        157,
        23,
        'Mercredi',
        '11:00:00+01',
        '23:00:00+01'
    ),
    (
        158,
        23,
        'Jeudi',
        '11:00:00+01',
        '23:00:00+01'
    ),
    (
        159,
        23,
        'Vendredi',
        '11:00:00+01',
        '23:00:00+01'
    ),
    (
        160,
        23,
        'Samedi',
        '11:00:00+01',
        '23:00:00+01'
    ),
    (
        161,
        23,
        'Dimanche',
        '12:00:00+01',
        '22:00:00+01'
    ),
    (
        162,
        24,
        'Lundi',
        '10:30:00+01',
        '22:00:00+01'
    ),
    (
        163,
        24,
        'Mardi',
        '10:30:00+01',
        '22:00:00+01'
    ),
    (
        164,
        24,
        'Mercredi',
        '10:30:00+01',
        '22:00:00+01'
    ),
    (
        165,
        24,
        'Jeudi',
        '10:30:00+01',
        '22:00:00+01'
    ),
    (
        166,
        24,
        'Vendredi',
        '10:30:00+01',
        '22:30:00+01'
    ),
    (
        167,
        24,
        'Samedi',
        '10:30:00+01',
        '22:30:00+01'
    ),
    (
        168,
        24,
        'Dimanche',
        '11:30:00+01',
        '22:00:00+01'
    ),
    (
        169,
        25,
        'Lundi',
        '09:30:00+01',
        '21:30:00+01'
    ),
    (
        170,
        25,
        'Mardi',
        '09:30:00+01',
        '21:30:00+01'
    ),
    (
        171,
        25,
        'Mercredi',
        '09:30:00+01',
        '21:30:00+01'
    ),
    (
        172,
        25,
        'Jeudi',
        '09:30:00+01',
        '21:30:00+01'
    ),
    (
        173,
        25,
        'Vendredi',
        '09:30:00+01',
        '22:30:00+01'
    ),
    (
        174,
        25,
        'Samedi',
        '09:30:00+01',
        '22:30:00+01'
    ),
    (
        175,
        25,
        'Dimanche',
        '10:30:00+01',
        '21:00:00+01'
    ),
    (
        176,
        26,
        'Lundi',
        '07:00:00+01',
        '20:00:00+01'
    ),
    (
        177,
        26,
        'Mardi',
        '07:00:00+01',
        '20:00:00+01'
    ),
    (
        178,
        26,
        'Mercredi',
        '07:00:00+01',
        '20:00:00+01'
    ),
    (
        179,
        26,
        'Jeudi',
        '07:00:00+01',
        '20:00:00+01'
    ),
    (
        180,
        26,
        'Vendredi',
        '07:00:00+01',
        '21:00:00+01'
    ),
    (
        181,
        26,
        'Samedi',
        '07:00:00+01',
        '21:00:00+01'
    ),
    (
        182,
        26,
        'Dimanche',
        '07:30:00+01',
        '18:00:00+01'
    ),
    (
        183,
        27,
        'Lundi',
        '12:00:00+01',
        '22:00:00+01'
    ),
    (
        184,
        27,
        'Mardi',
        '12:00:00+01',
        '22:00:00+01'
    ),
    (
        185,
        27,
        'Mercredi',
        '12:00:00+01',
        '22:00:00+01'
    ),
    (
        186,
        27,
        'Jeudi',
        '12:00:00+01',
        '22:00:00+01'
    ),
    (
        187,
        27,
        'Vendredi',
        '12:00:00+01',
        '22:00:00+01'
    ),
    (
        188,
        27,
        'Samedi',
        '12:00:00+01',
        '23:00:00+01'
    ),
    (
        189,
        27,
        'Dimanche',
        '12:00:00+01',
        '22:30:00+01'
    ),
    (
        190,
        28,
        'Lundi',
        '10:00:00+01',
        '22:00:00+01'
    ),
    (
        191,
        28,
        'Mardi',
        '10:00:00+01',
        '22:00:00+01'
    ),
    (
        192,
        28,
        'Mercredi',
        '10:00:00+01',
        '22:00:00+01'
    ),
    (
        193,
        28,
        'Jeudi',
        '10:00:00+01',
        '22:00:00+01'
    ),
    (
        194,
        28,
        'Vendredi',
        '10:00:00+01',
        '22:30:00+01'
    ),
    (
        195,
        28,
        'Samedi',
        '10:00:00+01',
        '22:30:00+01'
    ),
    (
        196,
        28,
        'Dimanche',
        '11:00:00+01',
        '22:00:00+01'
    ),
    (
        197,
        29,
        'Lundi',
        '08:00:00+01',
        '22:00:00+01'
    ),
    (
        198,
        29,
        'Mardi',
        '08:00:00+01',
        '22:00:00+01'
    ),
    (
        199,
        29,
        'Mercredi',
        '08:00:00+01',
        '22:00:00+01'
    ),
    (
        200,
        29,
        'Jeudi',
        '08:00:00+01',
        '22:00:00+01'
    ),
    (
        201,
        29,
        'Vendredi',
        '08:00:00+01',
        '22:00:00+01'
    ),
    (
        202,
        29,
        'Samedi',
        '08:00:00+01',
        '22:00:00+01'
    ),
    (
        203,
        29,
        'Dimanche',
        '09:00:00+01',
        '14:00:00+01'
    ),
    (
        204,
        30,
        'Lundi',
        '11:00:00+01',
        '22:00:00+01'
    ),
    (
        205,
        30,
        'Mardi',
        '11:00:00+01',
        '22:00:00+01'
    ),
    (
        206,
        30,
        'Mercredi',
        '11:00:00+01',
        '22:00:00+01'
    ),
    (
        207,
        30,
        'Jeudi',
        '11:00:00+01',
        '22:00:00+01'
    ),
    (
        208,
        30,
        'Vendredi',
        '11:00:00+01',
        '23:00:00+01'
    ),
    (
        209,
        30,
        'Samedi',
        '11:00:00+01',
        '23:00:00+01'
    ),
    (
        210,
        30,
        'Dimanche',
        '11:30:00+01',
        '22:00:00+01'
    ),
    (
        211,
        31,
        'Lundi',
        '10:00:00+01',
        '22:00:00+01'
    ),
    (
        212,
        31,
        'Mardi',
        '10:00:00+01',
        '22:00:00+01'
    ),
    (
        213,
        31,
        'Mercredi',
        '10:00:00+01',
        '22:00:00+01'
    ),
    (
        214,
        31,
        'Jeudi',
        '10:00:00+01',
        '22:00:00+01'
    ),
    (
        215,
        31,
        'Vendredi',
        '10:00:00+01',
        '23:00:00+01'
    ),
    (
        216,
        31,
        'Samedi',
        '10:00:00+01',
        '23:00:00+01'
    ),
    (
        217,
        31,
        'Dimanche',
        '10:00:00+01',
        '22:00:00+01'
    ),
    (
        218,
        32,
        'Lundi',
        '07:30:00+01',
        '20:30:00+01'
    ),
    (
        219,
        32,
        'Mardi',
        '07:30:00+01',
        '20:30:00+01'
    ),
    (
        220,
        32,
        'Mercredi',
        '07:30:00+01',
        '20:30:00+01'
    ),
    (
        221,
        32,
        'Jeudi',
        '07:30:00+01',
        '20:30:00+01'
    ),
    (
        222,
        32,
        'Vendredi',
        '07:30:00+01',
        '21:30:00+01'
    ),
    (
        223,
        32,
        'Samedi',
        '07:30:00+01',
        '21:30:00+01'
    ),
    (
        224,
        32,
        'Dimanche',
        '08:00:00+01',
        '20:30:00+01'
    ),
    (
        225,
        33,
        'Lundi',
        '10:00:00+01',
        '22:00:00+01'
    ),
    (
        226,
        33,
        'Mardi',
        '10:00:00+01',
        '22:00:00+01'
    ),
    (
        227,
        33,
        'Mercredi',
        '10:00:00+01',
        '22:00:00+01'
    ),
    (
        228,
        33,
        'Jeudi',
        '10:00:00+01',
        '22:00:00+01'
    ),
    (
        229,
        33,
        'Vendredi',
        '10:00:00+01',
        '22:30:00+01'
    ),
    (
        230,
        33,
        'Samedi',
        '10:00:00+01',
        '22:30:00+01'
    ),
    (
        231,
        33,
        'Dimanche',
        '11:00:00+01',
        '22:00:00+01'
    ),
    (
        232,
        34,
        'Lundi',
        '07:30:00+01',
        '23:00:00+01'
    ),
    (
        233,
        34,
        'Mardi',
        '07:30:00+01',
        '23:00:00+01'
    ),
    (
        234,
        34,
        'Mercredi',
        '07:30:00+01',
        '23:00:00+01'
    ),
    (
        235,
        34,
        'Jeudi',
        '07:30:00+01',
        '23:00:00+01'
    ),
    (
        236,
        34,
        'Vendredi',
        '07:30:00+01',
        '23:30:00+01'
    ),
    (
        237,
        34,
        'Samedi',
        '07:30:00+01',
        '23:30:00+01'
    ),
    (
        238,
        34,
        'Dimanche',
        '08:00:00+01',
        '22:30:00+01'
    ),
    (
        239,
        35,
        'Lundi',
        '08:00:00+01',
        '22:00:00+01'
    ),
    (
        240,
        35,
        'Mardi',
        '08:00:00+01',
        '22:00:00+01'
    ),
    (
        241,
        35,
        'Mercredi',
        '08:00:00+01',
        '22:00:00+01'
    ),
    (
        242,
        35,
        'Jeudi',
        '08:00:00+01',
        '22:00:00+01'
    ),
    (
        243,
        35,
        'Vendredi',
        '08:00:00+01',
        '22:30:00+01'
    ),
    (
        244,
        35,
        'Samedi',
        '08:00:00+01',
        '22:30:00+01'
    ),
    (
        245,
        35,
        'Dimanche',
        '09:00:00+01',
        '14:00:00+01'
    ),
    (
        246,
        36,
        'Lundi',
        '18:00:00+01',
        '23:00:00+01'
    ),
    (
        247,
        36,
        'Mardi',
        '11:00:00+01',
        '23:00:00+01'
    ),
    (
        248,
        36,
        'Mercredi',
        '11:00:00+01',
        '23:00:00+01'
    ),
    (
        249,
        36,
        'Jeudi',
        '11:00:00+01',
        '23:00:00+01'
    ),
    (
        250,
        36,
        'Vendredi',
        '08:00:00+01',
        '23:59:00+01'
    ),
    (
        251,
        36,
        'Samedi',
        '08:00:00+01',
        '23:59:00+01'
    ),
    (
        252,
        36,
        'Dimanche',
        '11:00:00+01',
        '23:00:00+01'
    ),
    (
        253,
        37,
        'Lundi',
        '11:30:00+01',
        '21:30:00+01'
    ),
    (
        254,
        37,
        'Mardi',
        '11:30:00+01',
        '21:30:00+01'
    ),
    (
        255,
        37,
        'Mercredi',
        '11:30:00+01',
        '21:30:00+01'
    ),
    (
        256,
        37,
        'Jeudi',
        '11:30:00+01',
        '22:00:00+01'
    ),
    (
        257,
        37,
        'Vendredi',
        '11:30:00+01',
        '22:00:00+01'
    ),
    (
        258,
        37,
        'Samedi',
        '11:30:00+01',
        '22:00:00+01'
    ),
    (
        259,
        37,
        'Dimanche',
        '12:30:00+01',
        '21:30:00+01'
    ),
    (
        260,
        38,
        'Lundi',
        '11:30:00+01',
        '22:30:00+01'
    ),
    (
        261,
        38,
        'Mardi',
        '11:30:00+01',
        '22:30:00+01'
    ),
    (
        262,
        38,
        'Mercredi',
        '11:30:00+01',
        '22:30:00+01'
    ),
    (
        263,
        38,
        'Jeudi',
        '11:30:00+01',
        '22:30:00+01'
    ),
    (
        264,
        38,
        'Vendredi',
        '11:30:00+01',
        '22:30:00+01'
    ),
    (
        265,
        38,
        'Samedi',
        '11:30:00+01',
        '22:30:00+01'
    ),
    (
        266,
        38,
        'Dimanche',
        NULL,
        NULL
    ),
    (
        267,
        39,
        'Lundi',
        '11:30:00+01',
        '21:30:00+01'
    ),
    (
        268,
        39,
        'Mardi',
        '11:30:00+01',
        '21:30:00+01'
    ),
    (
        269,
        39,
        'Mercredi',
        '11:30:00+01',
        '21:30:00+01'
    ),
    (
        270,
        39,
        'Jeudi',
        '11:30:00+01',
        '21:30:00+01'
    ),
    (
        271,
        39,
        'Vendredi',
        '11:30:00+01',
        '21:30:00+01'
    ),
    (
        272,
        39,
        'Samedi',
        '11:30:00+01',
        '21:30:00+01'
    ),
    (
        273,
        39,
        'Dimanche',
        NULL,
        NULL
    ),
    (
        274,
        40,
        'Lundi',
        NULL,
        NULL
    ),
    (
        275,
        40,
        'Mardi',
        '18:00:00+01',
        '22:30:00+01'
    ),
    (
        276,
        40,
        'Mercredi',
        '18:00:00+01',
        '22:30:00+01'
    ),
    (
        277,
        40,
        'Jeudi',
        '18:00:00+01',
        '22:30:00+01'
    ),
    (
        278,
        40,
        'Vendredi',
        '18:00:00+01',
        '22:30:00+01'
    ),
    (
        279,
        40,
        'Samedi',
        '18:00:00+01',
        '22:30:00+01'
    ),
    (
        280,
        40,
        'Dimanche',
        NULL,
        NULL
    ),
    (
        281,
        41,
        'Lundi',
        '11:00:00+01',
        '14:30:00+01'
    ),
    (
        282,
        41,
        'Mardi',
        '11:00:00+01',
        '21:30:00+01'
    ),
    (
        283,
        41,
        'Mercredi',
        '11:00:00+01',
        '21:30:00+01'
    ),
    (
        284,
        41,
        'Jeudi',
        '11:00:00+01',
        '21:30:00+01'
    ),
    (
        285,
        41,
        'Vendredi',
        '11:00:00+01',
        '21:30:00+01'
    ),
    (
        286,
        41,
        'Samedi',
        '11:00:00+01',
        '21:30:00+01'
    ),
    (
        287,
        41,
        'Dimanche',
        NULL,
        NULL
    ),
    (
        288,
        42,
        'Lundi',
        NULL,
        NULL
    ),
    (
        289,
        42,
        'Mardi',
        '11:30:00+01',
        '23:00:00+01'
    ),
    (
        290,
        42,
        'Mercredi',
        '11:30:00+01',
        '23:00:00+01'
    ),
    (
        291,
        42,
        'Jeudi',
        '11:30:00+01',
        '23:00:00+01'
    ),
    (
        292,
        42,
        'Vendredi',
        '11:30:00+01',
        '23:00:00+01'
    ),
    (
        293,
        42,
        'Samedi',
        '11:30:00+01',
        '23:00:00+01'
    ),
    (
        294,
        42,
        'Dimanche',
        '11:30:00+01',
        '23:00:00+01'
    ),
    (
        295,
        43,
        'Lundi',
        '11:30:00+01',
        '23:59:00+01'
    ),
    (
        296,
        43,
        'Mardi',
        '11:30:00+01',
        '23:59:00+01'
    ),
    (
        297,
        43,
        'Mercredi',
        '11:30:00+01',
        '23:59:00+01'
    ),
    (
        298,
        43,
        'Jeudi',
        '11:30:00+01',
        '23:59:00+01'
    ),
    (
        299,
        43,
        'Vendredi',
        '11:25:00+01',
        '01:00:00+01'
    ),
    (
        300,
        43,
        'Samedi',
        '11:30:00+01',
        '01:00:00+01'
    ),
    (
        301,
        43,
        'Dimanche',
        '11:30:00+01',
        '23:59:00+01'
    ),
    (
        302,
        44,
        'Lundi',
        '11:00:00+01',
        '01:00:00+01'
    ),
    (
        303,
        44,
        'Mardi',
        '11:00:00+01',
        '01:00:00+01'
    ),
    (
        305,
        44,
        'Mercredi',
        '11:00:00+01',
        '01:00:00+01'
    ),
    (
        306,
        44,
        'Jeudi',
        '11:00:00+01',
        '01:00:00+01'
    ),
    (
        307,
        44,
        'Vendredi',
        '11:00:00+01',
        '01:00:00+01'
    ),
    (
        308,
        44,
        'Samedi',
        '11:00:00+01',
        '03:00:00+01'
    ),
    (
        309,
        44,
        'Dimanche',
        '11:00:00+01',
        '01:00:00+01'
    ),
    (
        310,
        45,
        'Lundi',
        '11:00:00+01',
        '23:59:00+01'
    ),
    (
        311,
        45,
        'Mardi',
        '11:00:00+01',
        '23:59:00+01'
    ),
    (
        312,
        45,
        'Mercredi',
        '11:00:00+01',
        '23:59:00+01'
    ),
    (
        313,
        45,
        'Jeudi',
        '11:00:00+01',
        '23:59:00+01'
    ),
    (
        314,
        45,
        'Vendredi',
        '11:00:00+01',
        '23:59:00+01'
    ),
    (
        315,
        45,
        'Samedi',
        '11:00:00+01',
        '23:59:00+01'
    ),
    (
        316,
        45,
        'Dimanche',
        '11:00:00+01',
        '23:59:00+01'
    );
INSERT INTO HORAIRES_COURSIER (
        IDHORAIRES_COURSIER,
        IDCOURSIER,
        JOURSEMAINE,
        HEUREDEBUT,
        HEUREFIN
    )
VALUES (1, 1, 'Lundi', '00:00:00+01', '23:00:00+01'),
    (2, 1, 'Mardi', '00:00:00+01', '23:00:00+01'),
    (3, 1, 'Mercredi', '00:00:00+01', '23:00:00+01'),
    (4, 1, 'Jeudi', '00:00:00+01', '23:00:00+01'),
    (5, 1, 'Vendredi', '00:00:00+01', '23:00:00+01'),
    (6, 1, 'Samedi', '00:00:00+01', '23:00:00+01'),
    (7, 1, 'Dimanche', '00:00:00+01', '23:00:00+01'),
    (8, 2, 'Lundi', '00:00:00+01', '23:00:00+01'),
    (9, 2, 'Mardi', '00:00:00+01', '23:00:00+01'),
    (10, 2, 'Mercredi', '00:00:00+01', '23:00:00+01'),
    (11, 2, 'Jeudi', '00:00:00+01', '23:00:00+01'),
    (12, 2, 'Vendredi', '00:00:00+01', '23:00:00+01'),
    (13, 2, 'Samedi', '00:00:00+01', '23:00:00+01'),
    (14, 2, 'Dimanche', '00:00:00+01', '23:00:00+01'),
    (15, 3, 'Lundi', '00:00:00+01', '23:00:00+01'),
    (16, 3, 'Mardi', '00:00:00+01', '23:00:00+01'),
    (17, 3, 'Mercredi', '00:00:00+01', '23:00:00+01'),
    (18, 3, 'Jeudi', '00:00:00+01', '23:00:00+01'),
    (19, 3, 'Vendredi', '00:00:00+01', '23:00:00+01'),
    (20, 3, 'Samedi', '00:00:00+01', '23:00:00+01'),
    (21, 3, 'Dimanche', '00:00:00+01', '23:00:00+01'),
    (22, 4, 'Lundi', '00:00:00+01', '23:00:00+01'),
    (23, 4, 'Mardi', '00:00:00+01', '23:00:00+01'),
    (24, 4, 'Mercredi', '00:00:00+01', '23:00:00+01'),
    (25, 4, 'Jeudi', '00:00:00+01', '23:00:00+01'),
    (26, 4, 'Vendredi', '00:00:00+01', '23:00:00+01'),
    (27, 4, 'Samedi', '00:00:00+01', '23:00:00+01'),
    (28, 4, 'Dimanche', '00:00:00+01', '23:00:00+01'),
    (29, 5, 'Lundi', '00:00:00+01', '23:00:00+01'),
    (30, 5, 'Mardi', '00:00:00+01', '23:00:00+01'),
    (31, 5, 'Mercredi', '00:00:00+01', '23:00:00+01'),
    (32, 5, 'Jeudi', '00:00:00+01', '23:00:00+01'),
    (33, 5, 'Vendredi', '00:00:00+01', '23:00:00+01'),
    (34, 5, 'Samedi', '00:00:00+01', '23:00:00+01'),
    (35, 5, 'Dimanche', '00:00:00+01', '23:00:00+01'),
    (36, 6, 'Lundi', '00:00:00+01', '23:00:00+01'),
    (37, 6, 'Mardi', '00:00:00+01', '23:00:00+01'),
    (38, 6, 'Mercredi', '00:00:00+01', '23:00:00+01'),
    (39, 6, 'Jeudi', '00:00:00+01', '23:00:00+01'),
    (40, 6, 'Vendredi', '00:00:00+01', '23:00:00+01'),
    (41, 6, 'Samedi', '00:00:00+01', '23:00:00+01'),
    (42, 6, 'Dimanche', '00:00:00+01', '23:00:00+01'),
    (43, 7, 'Lundi', '00:00:00+01', '23:00:00+01'),
    (44, 7, 'Mardi', '00:00:00+01', '23:00:00+01'),
    (45, 7, 'Mercredi', '00:00:00+01', '23:00:00+01'),
    (46, 7, 'Jeudi', '00:00:00+01', '23:00:00+01'),
    (47, 7, 'Vendredi', '00:00:00+01', '23:00:00+01'),
    (48, 7, 'Samedi', '00:00:00+01', '23:00:00+01'),
    (49, 7, 'Dimanche', '00:00:00+01', '23:00:00+01'),
    (50, 8, 'Lundi', '00:00:00+01', '23:00:00+01'),
    (51, 8, 'Mardi', '00:00:00+01', '23:00:00+01'),
    (52, 8, 'Mercredi', '00:00:00+01', '23:00:00+01'),
    (53, 8, 'Jeudi', '00:00:00+01', '23:00:00+01'),
    (54, 8, 'Vendredi', '00:00:00+01', '23:00:00+01'),
    (55, 8, 'Samedi', '00:00:00+01', '23:00:00+01'),
    (56, 8, 'Dimanche', '00:00:00+01', '23:00:00+01'),
    (57, 9, 'Lundi', '00:00:00+01', '23:00:00+01'),
    (58, 9, 'Mardi', '00:00:00+01', '23:00:00+01'),
    (59, 9, 'Mercredi', '00:00:00+01', '23:00:00+01'),
    (60, 9, 'Jeudi', '00:00:00+01', '23:00:00+01'),
    (61, 9, 'Vendredi', '00:00:00+01', '23:00:00+01'),
    (62, 9, 'Samedi', '00:00:00+01', '23:00:00+01'),
    (63, 9, 'Dimanche', '00:00:00+01', '23:00:00+01'),
    (64, 10, 'Lundi', '00:00:00+01', '23:00:00+01'),
    (65, 10, 'Mardi', '00:00:00+01', '23:00:00+01'),
    (66, 10, 'Mercredi', '00:00:00+01', '23:00:00+01'),
    (67, 10, 'Jeudi', '00:00:00+01', '23:00:00+01'),
    (68, 10, 'Vendredi', '00:00:00+01', '23:00:00+01'),
    (69, 10, 'Samedi', '00:00:00+01', '23:00:00+01'),
    (70, 10, 'Dimanche', '00:00:00+01', '23:00:00+01'),
    (71, 11, 'Lundi', '00:00:00+01', '23:00:00+01'),
    (72, 11, 'Mardi', '00:00:00+01', '23:00:00+01'),
    (73, 11, 'Mercredi', '00:00:00+01', '23:00:00+01'),
    (74, 11, 'Jeudi', '00:00:00+01', '23:00:00+01'),
    (75, 11, 'Vendredi', '00:00:00+01', '23:00:00+01'),
    (76, 11, 'Samedi', '00:00:00+01', '23:00:00+01'),
    (77, 11, 'Dimanche', '00:00:00+01', '23:00:00+01'),
    (78, 12, 'Lundi', '00:00:00+01', '23:00:00+01'),
    (79, 12, 'Mardi', '00:00:00+01', '23:00:00+01'),
    (80, 12, 'Mercredi', '00:00:00+01', '23:00:00+01'),
    (81, 12, 'Jeudi', '00:00:00+01', '23:00:00+01'),
    (82, 12, 'Vendredi', '00:00:00+01', '23:00:00+01'),
    (83, 12, 'Samedi', '00:00:00+01', '23:00:00+01'),
    (84, 12, 'Dimanche', '00:00:00+01', '23:00:00+01'),
    (85, 13, 'Lundi', '00:00:00+01', '23:00:00+01'),
    (86, 13, 'Mardi', '00:00:00+01', '23:00:00+01'),
    (87, 13, 'Mercredi', '00:00:00+01', '23:00:00+01'),
    (88, 13, 'Jeudi', '00:00:00+01', '23:00:00+01'),
    (89, 13, 'Vendredi', '00:00:00+01', '23:00:00+01'),
    (90, 13, 'Samedi', '00:00:00+01', '23:00:00+01'),
    (91, 13, 'Dimanche', '00:00:00+01', '23:00:00+01'),
    (92, 14, 'Lundi', '00:00:00+01', '23:00:00+01'),
    (93, 14, 'Mardi', '00:00:00+01', '23:00:00+01'),
    (94, 14, 'Mercredi', '00:00:00+01', '23:00:00+01'),
    (95, 14, 'Jeudi', '00:00:00+01', '23:00:00+01'),
    (96, 14, 'Vendredi', '00:00:00+01', '23:00:00+01'),
    (97, 14, 'Samedi', '00:00:00+01', '23:00:00+01'),
    (98, 14, 'Dimanche', '00:00:00+01', '23:00:00+01'),
    (99, 15, 'Lundi', '00:00:00+01', '23:00:00+01'),
    (100, 15, 'Mardi', '00:00:00+01', '23:00:00+01'),
    (
        101,
        15,
        'Mercredi',
        '00:00:00+01',
        '23:00:00+01'
    ),
    (102, 15, 'Jeudi', '00:00:00+01', '23:00:00+01'),
    (
        103,
        15,
        'Vendredi',
        '00:00:00+01',
        '23:00:00+01'
    ),
    (104, 15, 'Samedi', '00:00:00+01', '23:00:00+01'),
    (
        105,
        15,
        'Dimanche',
        '00:00:00+01',
        '23:00:00+01'
    ),
    (106, 16, 'Lundi', '00:00:00+01', '23:00:00+01'),
    (107, 16, 'Mardi', '00:00:00+01', '23:00:00+01'),
    (
        108,
        16,
        'Mercredi',
        '00:00:00+01',
        '23:00:00+01'
    ),
    (109, 16, 'Jeudi', '00:00:00+01', '23:00:00+01'),
    (
        110,
        16,
        'Vendredi',
        '00:00:00+01',
        '23:00:00+01'
    ),
    (111, 16, 'Samedi', '00:00:00+01', '23:00:00+01'),
    (
        112,
        16,
        'Dimanche',
        '00:00:00+01',
        '23:00:00+01'
    ),
    (113, 17, 'Lundi', '00:00:00+01', '23:00:00+01'),
    (114, 17, 'Mardi', '00:00:00+01', '23:00:00+01'),
    (
        115,
        17,
        'Mercredi',
        '00:00:00+01',
        '23:00:00+01'
    ),
    (116, 17, 'Jeudi', '00:00:00+01', '23:00:00+01'),
    (
        117,
        17,
        'Vendredi',
        '00:00:00+01',
        '23:00:00+01'
    ),
    (118, 17, 'Samedi', '00:00:00+01', '23:00:00+01'),
    (
        119,
        17,
        'Dimanche',
        '00:00:00+01',
        '23:00:00+01'
    ),
    (120, 18, 'Lundi', '00:00:00+01', '23:00:00+01'),
    (121, 18, 'Mardi', '00:00:00+01', '23:00:00+01'),
    (
        122,
        18,
        'Mercredi',
        '00:00:00+01',
        '23:00:00+01'
    ),
    (123, 18, 'Jeudi', '00:00:00+01', '23:00:00+01'),
    (
        124,
        18,
        'Vendredi',
        '00:00:00+01',
        '23:00:00+01'
    ),
    (125, 18, 'Samedi', '00:00:00+01', '23:00:00+01'),
    (
        126,
        18,
        'Dimanche',
        '00:00:00+01',
        '23:00:00+01'
    ),
    (127, 19, 'Lundi', '00:00:00+01', '23:00:00+01'),
    (128, 19, 'Mardi', '00:00:00+01', '23:00:00+01'),
    (
        129,
        19,
        'Mercredi',
        '00:00:00+01',
        '23:00:00+01'
    ),
    (130, 19, 'Jeudi', '00:00:00+01', '23:00:00+01'),
    (
        131,
        19,
        'Vendredi',
        '00:00:00+01',
        '23:00:00+01'
    ),
    (132, 19, 'Samedi', '00:00:00+01', '23:00:00+01'),
    (
        133,
        19,
        'Dimanche',
        '00:00:00+01',
        '23:00:00+01'
    ),
    (134, 20, 'Lundi', '00:00:00+01', '23:00:00+01'),
    (135, 20, 'Mardi', '00:00:00+01', '23:00:00+01'),
    (
        136,
        20,
        'Mercredi',
        '00:00:00+01',
        '23:00:00+01'
    ),
    (137, 20, 'Jeudi', '00:00:00+01', '23:00:00+01'),
    (
        138,
        20,
        'Vendredi',
        '00:00:00+01',
        '23:00:00+01'
    ),
    (139, 20, 'Samedi', '00:00:00+01', '23:00:00+01'),
    (
        140,
        20,
        'Dimanche',
        '00:00:00+01',
        '23:00:00+01'
    ),
    (141, 21, 'Lundi', '00:00:00+01', '23:00:00+01'),
    (142, 21, 'Mardi', '00:00:00+01', '23:00:00+01'),
    (
        143,
        21,
        'Mercredi',
        '00:00:00+01',
        '23:00:00+01'
    ),
    (144, 21, 'Jeudi', '00:00:00+01', '23:00:00+01'),
    (
        145,
        21,
        'Vendredi',
        '00:00:00+01',
        '23:00:00+01'
    ),
    (146, 21, 'Samedi', '00:00:00+01', '23:00:00+01'),
    (
        147,
        21,
        'Dimanche',
        '00:00:00+01',
        '23:00:00+01'
    ),
    (148, 22, 'Lundi', '00:00:00+01', '23:00:00+01'),
    (149, 22, 'Mardi', '00:00:00+01', '23:00:00+01'),
    (
        150,
        22,
        'Mercredi',
        '00:00:00+01',
        '23:00:00+01'
    ),
    (151, 22, 'Jeudi', '00:00:00+01', '23:00:00+01'),
    (
        152,
        22,
        'Vendredi',
        '00:00:00+01',
        '23:00:00+01'
    ),
    (153, 22, 'Samedi', '00:00:00+01', '23:00:00+01'),
    (
        154,
        22,
        'Dimanche',
        '00:00:00+01',
        '23:00:00+01'
    ),
    (155, 23, 'Lundi', '00:00:00+01', '23:00:00+01'),
    (156, 23, 'Mardi', '00:00:00+01', '23:00:00+01'),
    (
        157,
        23,
        'Mercredi',
        '00:00:00+01',
        '23:00:00+01'
    ),
    (158, 23, 'Jeudi', '00:00:00+01', '23:00:00+01'),
    (
        159,
        23,
        'Vendredi',
        '00:00:00+01',
        '23:00:00+01'
    ),
    (160, 23, 'Samedi', '00:00:00+01', '23:00:00+01'),
    (
        161,
        23,
        'Dimanche',
        '00:00:00+01',
        '23:00:00+01'
    ),
    (162, 24, 'Lundi', '00:00:00+01', '23:00:00+01'),
    (163, 24, 'Mardi', '00:00:00+01', '23:00:00+01'),
    (
        164,
        24,
        'Mercredi',
        '00:00:00+01',
        '23:00:00+01'
    ),
    (165, 24, 'Jeudi', '00:00:00+01', '23:00:00+01'),
    (
        166,
        24,
        'Vendredi',
        '00:00:00+01',
        '23:00:00+01'
    ),
    (167, 24, 'Samedi', '00:00:00+01', '23:00:00+01'),
    (
        168,
        24,
        'Dimanche',
        '00:00:00+01',
        '23:00:00+01'
    ),
    (169, 25, 'Lundi', '00:00:00+01', '23:00:00+01'),
    (170, 25, 'Mardi', '00:00:00+01', '23:00:00+01'),
    (
        171,
        25,
        'Mercredi',
        '00:00:00+01',
        '23:00:00+01'
    ),
    (172, 25, 'Jeudi', '00:00:00+01', '23:00:00+01'),
    (
        173,
        25,
        'Vendredi',
        '00:00:00+01',
        '23:00:00+01'
    ),
    (174, 25, 'Samedi', '00:00:00+01', '23:00:00+01'),
    (
        175,
        25,
        'Dimanche',
        '00:00:00+01',
        '23:00:00+01'
    ),
    (176, 26, 'Lundi', '00:00:00+01', '23:00:00+01'),
    (177, 26, 'Mardi', '00:00:00+01', '23:00:00+01'),
    (
        178,
        26,
        'Mercredi',
        '00:00:00+01',
        '23:00:00+01'
    ),
    (179, 26, 'Jeudi', '00:00:00+01', '23:00:00+01'),
    (
        180,
        26,
        'Vendredi',
        '00:00:00+01',
        '23:00:00+01'
    ),
    (181, 26, 'Samedi', '00:00:00+01', '23:00:00+01'),
    (
        182,
        26,
        'Dimanche',
        '00:00:00+01',
        '23:00:00+01'
    ),
    (183, 27, 'Lundi', '00:00:00+01', '23:00:00+01'),
    (184, 27, 'Mardi', '00:00:00+01', '23:00:00+01'),
    (
        185,
        27,
        'Mercredi',
        '00:00:00+01',
        '23:00:00+01'
    ),
    (186, 27, 'Jeudi', '00:00:00+01', '23:00:00+01'),
    (
        187,
        27,
        'Vendredi',
        '00:00:00+01',
        '23:00:00+01'
    ),
    (188, 27, 'Samedi', '00:00:00+01', '23:00:00+01'),
    (
        189,
        27,
        'Dimanche',
        '00:00:00+01',
        '23:00:00+01'
    ),
    (190, 28, 'Lundi', '00:00:00+01', '23:00:00+01'),
    (191, 28, 'Mardi', '00:00:00+01', '23:00:00+01'),
    (
        192,
        28,
        'Mercredi',
        '00:00:00+01',
        '23:00:00+01'
    ),
    (193, 28, 'Jeudi', '00:00:00+01', '23:00:00+01'),
    (
        194,
        28,
        'Vendredi',
        '00:00:00+01',
        '23:00:00+01'
    ),
    (195, 28, 'Samedi', '00:00:00+01', '23:00:00+01'),
    (
        196,
        28,
        'Dimanche',
        '00:00:00+01',
        '23:00:00+01'
    ),
    (197, 29, 'Lundi', '00:00:00+01', '23:00:00+01'),
    (198, 29, 'Mardi', '00:00:00+01', '23:00:00+01'),
    (
        199,
        29,
        'Mercredi',
        '00:00:00+01',
        '23:00:00+01'
    ),
    (200, 29, 'Jeudi', '00:00:00+01', '23:00:00+01'),
    (
        201,
        29,
        'Vendredi',
        '00:00:00+01',
        '23:00:00+01'
    ),
    (202, 29, 'Samedi', '00:00:00+01', '23:00:00+01'),
    (
        203,
        29,
        'Dimanche',
        '00:00:00+01',
        '23:00:00+01'
    ),
    (204, 30, 'Lundi', '00:00:00+01', '23:00:00+01'),
    (205, 30, 'Mardi', '00:00:00+01', '23:00:00+01'),
    (
        206,
        30,
        'Mercredi',
        '00:00:00+01',
        '23:00:00+01'
    ),
    (207, 30, 'Jeudi', '00:00:00+01', '23:00:00+01'),
    (
        208,
        30,
        'Vendredi',
        '00:00:00+01',
        '23:00:00+01'
    ),
    (209, 30, 'Samedi', '00:00:00+01', '23:00:00+01'),
    (
        210,
        30,
        'Dimanche',
        '00:00:00+01',
        '23:00:00+01'
    ),
    (211, 31, 'Lundi', '00:00:00+01', '23:00:00+01'),
    (212, 31, 'Mardi', '00:00:00+01', '23:00:00+01'),
    (
        213,
        31,
        'Mercredi',
        '00:00:00+01',
        '23:00:00+01'
    ),
    (214, 31, 'Jeudi', '00:00:00+01', '23:00:00+01'),
    (
        215,
        31,
        'Vendredi',
        '00:00:00+01',
        '23:00:00+01'
    ),
    (216, 31, 'Samedi', '00:00:00+01', '23:00:00+01'),
    (
        217,
        31,
        'Dimanche',
        '00:00:00+01',
        '23:00:00+01'
    ),
    (218, 32, 'Lundi', '00:00:00+01', '23:00:00+01'),
    (219, 32, 'Mardi', '00:00:00+01', '23:00:00+01'),
    (
        220,
        32,
        'Mercredi',
        '00:00:00+01',
        '23:00:00+01'
    ),
    (221, 32, 'Jeudi', '00:00:00+01', '23:00:00+01'),
    (
        222,
        32,
        'Vendredi',
        '00:00:00+01',
        '23:00:00+01'
    ),
    (223, 32, 'Samedi', '00:00:00+01', '23:00:00+01'),
    (
        224,
        32,
        'Dimanche',
        '00:00:00+01',
        '23:00:00+01'
    ),
    (225, 33, 'Lundi', '00:00:00+01', '23:00:00+01'),
    (226, 33, 'Mardi', '00:00:00+01', '23:00:00+01'),
    (
        227,
        33,
        'Mercredi',
        '00:00:00+01',
        '23:00:00+01'
    ),
    (228, 33, 'Jeudi', '00:00:00+01', '23:00:00+01'),
    (
        229,
        33,
        'Vendredi',
        '00:00:00+01',
        '23:00:00+01'
    ),
    (230, 33, 'Samedi', '00:00:00+01', '23:00:00+01'),
    (
        231,
        33,
        'Dimanche',
        '00:00:00+01',
        '23:00:00+01'
    ),
    (232, 34, 'Lundi', '00:00:00+01', '23:00:00+01'),
    (233, 34, 'Mardi', '00:00:00+01', '23:00:00+01'),
    (
        234,
        34,
        'Mercredi',
        '00:00:00+01',
        '23:00:00+01'
    ),
    (235, 34, 'Jeudi', '00:00:00+01', '23:00:00+01'),
    (
        236,
        34,
        'Vendredi',
        '00:00:00+01',
        '23:00:00+01'
    ),
    (237, 34, 'Samedi', '00:00:00+01', '23:00:00+01'),
    (
        238,
        34,
        'Dimanche',
        '00:00:00+01',
        '23:00:00+01'
    ),
    (239, 35, 'Lundi', '00:00:00+01', '23:00:00+01'),
    (240, 35, 'Mardi', '00:00:00+01', '23:00:00+01'),
    (
        241,
        35,
        'Mercredi',
        '00:00:00+01',
        '23:00:00+01'
    ),
    (242, 35, 'Jeudi', '00:00:00+01', '23:00:00+01'),
    (
        243,
        35,
        'Vendredi',
        '00:00:00+01',
        '23:00:00+01'
    ),
    (244, 35, 'Samedi', '00:00:00+01', '23:00:00+01'),
    (
        245,
        35,
        'Dimanche',
        '00:00:00+01',
        '23:00:00+01'
    ),
    (246, 36, 'Lundi', '00:00:00+01', '23:00:00+01'),
    (247, 36, 'Mardi', '00:00:00+01', '23:00:00+01'),
    (
        248,
        36,
        'Mercredi',
        '00:00:00+01',
        '23:00:00+01'
    ),
    (249, 36, 'Jeudi', '00:00:00+01', '23:00:00+01'),
    (
        250,
        36,
        'Vendredi',
        '00:00:00+01',
        '23:00:00+01'
    ),
    (251, 36, 'Samedi', '00:00:00+01', '23:00:00+01'),
    (
        252,
        36,
        'Dimanche',
        '00:00:00+01',
        '23:00:00+01'
    ),
    (253, 37, 'Lundi', '00:00:00+01', '23:00:00+01'),
    (254, 37, 'Mardi', '00:00:00+01', '23:00:00+01'),
    (
        255,
        37,
        'Mercredi',
        '00:00:00+01',
        '23:00:00+01'
    ),
    (256, 37, 'Jeudi', '00:00:00+01', '23:00:00+01'),
    (
        257,
        37,
        'Vendredi',
        '00:00:00+01',
        '23:00:00+01'
    ),
    (258, 37, 'Samedi', '00:00:00+01', '23:00:00+01'),
    (
        259,
        37,
        'Dimanche',
        '00:00:00+01',
        '23:00:00+01'
    ),
    (260, 38, 'Lundi', '00:00:00+01', '23:00:00+01'),
    (261, 38, 'Mardi', '00:00:00+01', '23:00:00+01'),
    (
        262,
        38,
        'Mercredi',
        '00:00:00+01',
        '23:00:00+01'
    ),
    (263, 38, 'Jeudi', '00:00:00+01', '23:00:00+01'),
    (
        264,
        38,
        'Vendredi',
        '00:00:00+01',
        '23:00:00+01'
    ),
    (265, 38, 'Samedi', '00:00:00+01', '23:00:00+01'),
    (
        266,
        38,
        'Dimanche',
        '00:00:00+01',
        '23:00:00+01'
    ),
    (267, 39, 'Lundi', '00:00:00+01', '23:00:00+01'),
    (268, 39, 'Mardi', '00:00:00+01', '23:00:00+01'),
    (
        269,
        39,
        'Mercredi',
        '00:00:00+01',
        '23:00:00+01'
    ),
    (270, 39, 'Jeudi', '00:00:00+01', '23:00:00+01'),
    (
        271,
        39,
        'Vendredi',
        '00:00:00+01',
        '23:00:00+01'
    ),
    (272, 39, 'Samedi', '00:00:00+01', '23:00:00+01'),
    (
        273,
        39,
        'Dimanche',
        '00:00:00+01',
        '23:00:00+01'
    ),
    (274, 40, 'Lundi', '00:00:00+01', '23:00:00+01'),
    (275, 40, 'Mardi', '00:00:00+01', '23:00:00+01'),
    (
        276,
        40,
        'Mercredi',
        '00:00:00+01',
        '23:00:00+01'
    ),
    (277, 40, 'Jeudi', '00:00:00+01', '23:00:00+01'),
    (
        278,
        40,
        'Vendredi',
        '00:00:00+01',
        '23:00:00+01'
    ),
    (279, 40, 'Samedi', '00:00:00+01', '23:00:00+01'),
    (
        280,
        40,
        'Dimanche',
        '00:00:00+01',
        '23:00:00+01'
    ),
    (281, 41, 'Lundi', '00:00:00+01', '23:00:00+01'),
    (282, 41, 'Mardi', '00:00:00+01', '23:00:00+01'),
    (
        283,
        41,
        'Mercredi',
        '00:00:00+01',
        '23:00:00+01'
    ),
    (284, 41, 'Jeudi', '00:00:00+01', '23:00:00+01'),
    (
        285,
        41,
        'Vendredi',
        '00:00:00+01',
        '23:00:00+01'
    ),
    (286, 41, 'Samedi', '00:00:00+01', '23:00:00+01'),
    (
        287,
        41,
        'Dimanche',
        '00:00:00+01',
        '23:00:00+01'
    ),
    (288, 42, 'Lundi', '00:00:00+01', '23:00:00+01'),
    (289, 42, 'Mardi', '00:00:00+01', '23:00:00+01'),
    (
        290,
        42,
        'Mercredi',
        '00:00:00+01',
        '23:00:00+01'
    ),
    (291, 42, 'Jeudi', '00:00:00+01', '23:00:00+01'),
    (
        292,
        42,
        'Vendredi',
        '00:00:00+01',
        '23:00:00+01'
    ),
    (293, 42, 'Samedi', '00:00:00+01', '23:00:00+01'),
    (
        294,
        42,
        'Dimanche',
        '00:00:00+01',
        '23:00:00+01'
    ),
    (295, 43, 'Lundi', '00:00:00+01', '23:00:00+01'),
    (296, 43, 'Mardi', '00:00:00+01', '23:00:00+01'),
    (
        297,
        43,
        'Mercredi',
        '00:00:00+01',
        '23:00:00+01'
    ),
    (298, 43, 'Jeudi', '00:00:00+01', '23:00:00+01'),
    (
        299,
        43,
        'Vendredi',
        '00:00:00+01',
        '23:00:00+01'
    ),
    (300, 43, 'Samedi', '00:00:00+01', '23:00:00+01'),
    (
        301,
        43,
        'Dimanche',
        '00:00:00+01',
        '23:00:00+01'
    ),
    (302, 44, 'Lundi', '00:00:00+01', '23:00:00+01'),
    (303, 44, 'Mardi', '00:00:00+01', '23:00:00+01'),
    (
        304,
        44,
        'Mercredi',
        '00:00:00+01',
        '23:00:00+01'
    ),
    (305, 44, 'Jeudi', '00:00:00+01', '23:00:00+01'),
    (
        306,
        44,
        'Vendredi',
        '00:00:00+01',
        '23:00:00+01'
    ),
    (307, 44, 'Samedi', '00:00:00+01', '23:00:00+01'),
    (
        308,
        44,
        'Dimanche',
        '00:00:00+01',
        '23:00:00+01'
    ),
    (309, 45, 'Lundi', '00:00:00+01', '23:00:00+01'),
    (310, 45, 'Mardi', '00:00:00+01', '23:00:00+01'),
    (
        311,
        45,
        'Mercredi',
        '00:00:00+01',
        '23:00:00+01'
    ),
    (312, 45, 'Jeudi', '00:00:00+01', '23:00:00+01'),
    (
        313,
        45,
        'Vendredi',
        '00:00:00+01',
        '23:00:00+01'
    ),
    (314, 45, 'Samedi', '00:00:00+01', '23:00:00+01'),
    (
        315,
        45,
        'Dimanche',
        '00:00:00+01',
        '23:00:00+01'
    ),
    (316, 46, 'Lundi', '00:00:00+01', '23:00:00+01'),
    (317, 46, 'Mardi', '00:00:00+01', '23:00:00+01'),
    (
        318,
        46,
        'Mercredi',
        '00:00:00+01',
        '23:00:00+01'
    ),
    (319, 46, 'Jeudi', '00:00:00+01', '23:00:00+01'),
    (
        320,
        46,
        'Vendredi',
        '00:00:00+01',
        '23:00:00+01'
    ),
    (321, 46, 'Samedi', '00:00:00+01', '23:00:00+01'),
    (
        322,
        46,
        'Dimanche',
        '00:00:00+01',
        '23:00:00+01'
    ),
    (323, 47, 'Lundi', '00:00:00+01', '23:00:00+01'),
    (324, 47, 'Mardi', '00:00:00+01', '23:00:00+01'),
    (
        325,
        47,
        'Mercredi',
        '00:00:00+01',
        '23:00:00+01'
    ),
    (326, 47, 'Jeudi', '00:00:00+01', '23:00:00+01'),
    (
        327,
        47,
        'Vendredi',
        '00:00:00+01',
        '23:00:00+01'
    ),
    (328, 47, 'Samedi', '00:00:00+01', '23:00:00+01'),
    (
        329,
        47,
        'Dimanche',
        '00:00:00+01',
        '23:00:00+01'
    ),
    (330, 48, 'Lundi', '00:00:00+01', '23:00:00+01'),
    (331, 48, 'Mardi', '00:00:00+01', '23:00:00+01'),
    (
        332,
        48,
        'Mercredi',
        '00:00:00+01',
        '23:00:00+01'
    ),
    (333, 48, 'Jeudi', '00:00:00+01', '23:00:00+01'),
    (
        334,
        48,
        'Vendredi',
        '00:00:00+01',
        '23:00:00+01'
    ),
    (335, 48, 'Samedi', '00:00:00+01', '23:00:00+01'),
    (
        336,
        48,
        'Dimanche',
        '00:00:00+01',
        '23:00:00+01'
    ),
    (337, 49, 'Lundi', '00:00:00+01', '23:00:00+01'),
    (338, 49, 'Mardi', '00:00:00+01', '23:00:00+01'),
    (
        339,
        49,
        'Mercredi',
        '00:00:00+01',
        '23:00:00+01'
    ),
    (340, 49, 'Jeudi', '00:00:00+01', '23:00:00+01'),
    (
        341,
        49,
        'Vendredi',
        '00:00:00+01',
        '23:00:00+01'
    ),
    (342, 49, 'Samedi', '00:00:00+01', '23:00:00+01'),
    (
        343,
        49,
        'Dimanche',
        '00:00:00+01',
        '23:00:00+01'
    ),
    (344, 50, 'Lundi', '00:00:00+01', '23:00:00+01'),
    (345, 50, 'Mardi', '00:00:00+01', '23:00:00+01'),
    (
        346,
        50,
        'Mercredi',
        '00:00:00+01',
        '23:00:00+01'
    ),
    (347, 50, 'Jeudi', '00:00:00+01', '23:00:00+01'),
    (
        348,
        50,
        'Vendredi',
        '00:00:00+01',
        '23:00:00+01'
    ),
    (349, 50, 'Samedi', '00:00:00+01', '23:00:00+01'),
    (
        350,
        50,
        'Dimanche',
        '00:00:00+01',
        '23:00:00+01'
    ),
    (351, 51, 'Lundi', '00:00:00+01', '23:00:00+01'),
    (352, 51, 'Mardi', '00:00:00+01', '23:00:00+01'),
    (
        353,
        51,
        'Mercredi',
        '00:00:00+01',
        '23:00:00+01'
    ),
    (354, 51, 'Jeudi', '00:00:00+01', '23:00:00+01'),
    (
        355,
        51,
        'Vendredi',
        '00:00:00+01',
        '23:00:00+01'
    ),
    (356, 51, 'Samedi', '00:00:00+01', '23:00:00+01'),
    (
        357,
        51,
        'Dimanche',
        '00:00:00+01',
        '23:00:00+01'
    ),
    (358, 52, 'Lundi', '00:00:00+01', '23:00:00+01'),
    (359, 52, 'Mardi', '00:00:00+01', '23:00:00+01'),
    (
        360,
        52,
        'Mercredi',
        '00:00:00+01',
        '23:00:00+01'
    ),
    (361, 52, 'Jeudi', '00:00:00+01', '23:00:00+01'),
    (
        362,
        52,
        'Vendredi',
        '00:00:00+01',
        '23:00:00+01'
    ),
    (363, 52, 'Samedi', '00:00:00+01', '23:00:00+01'),
    (
        364,
        52,
        'Dimanche',
        '00:00:00+01',
        '23:00:00+01'
    ),
    (365, 53, 'Lundi', '00:00:00+01', '23:00:00+01'),
    (366, 53, 'Mardi', '00:00:00+01', '23:00:00+01'),
    (
        367,
        53,
        'Mercredi',
        '00:00:00+01',
        '23:00:00+01'
    ),
    (368, 53, 'Jeudi', '00:00:00+01', '23:00:00+01'),
    (
        369,
        53,
        'Vendredi',
        '00:00:00+01',
        '23:00:00+01'
    ),
    (370, 53, 'Samedi', '00:00:00+01', '23:00:00+01'),
    (
        371,
        53,
        'Dimanche',
        '00:00:00+01',
        '23:00:00+01'
    ),
    (372, 54, 'Lundi', '00:00:00+01', '23:00:00+01'),
    (373, 54, 'Mardi', '00:00:00+01', '23:00:00+01'),
    (
        374,
        54,
        'Mercredi',
        '00:00:00+01',
        '23:00:00+01'
    ),
    (375, 54, 'Jeudi', '00:00:00+01', '23:00:00+01'),
    (
        376,
        54,
        'Vendredi',
        '00:00:00+01',
        '23:00:00+01'
    ),
    (377, 54, 'Samedi', '00:00:00+01', '23:00:00+01'),
    (
        378,
        54,
        'Dimanche',
        '00:00:00+01',
        '23:00:00+01'
    ),
    (379, 55, 'Lundi', '00:00:00+01', '23:00:00+01'),
    (380, 55, 'Mardi', '00:00:00+01', '23:00:00+01'),
    (
        381,
        55,
        'Mercredi',
        '00:00:00+01',
        '23:00:00+01'
    ),
    (382, 55, 'Jeudi', '00:00:00+01', '23:00:00+01'),
    (
        383,
        55,
        'Vendredi',
        '00:00:00+01',
        '23:00:00+01'
    ),
    (384, 55, 'Samedi', '00:00:00+01', '23:00:00+01'),
    (
        385,
        55,
        'Dimanche',
        '00:00:00+01',
        '23:00:00+01'
    ),
    (386, 56, 'Lundi', '00:00:00+01', '23:00:00+01'),
    (387, 56, 'Mardi', '00:00:00+01', '23:00:00+01'),
    (
        388,
        56,
        'Mercredi',
        '00:00:00+01',
        '23:00:00+01'
    ),
    (389, 56, 'Jeudi', '00:00:00+01', '23:00:00+01'),
    (
        390,
        56,
        'Vendredi',
        '00:00:00+01',
        '23:00:00+01'
    ),
    (391, 56, 'Samedi', '00:00:00+01', '23:00:00+01'),
    (
        392,
        56,
        'Dimanche',
        '00:00:00+01',
        '23:00:00+01'
    ),
    (393, 57, 'Lundi', '00:00:00+01', '23:00:00+01'),
    (394, 57, 'Mardi', '00:00:00+01', '23:00:00+01'),
    (
        395,
        57,
        'Mercredi',
        '00:00:00+01',
        '23:00:00+01'
    ),
    (396, 57, 'Jeudi', '00:00:00+01', '23:00:00+01'),
    (
        397,
        57,
        'Vendredi',
        '00:00:00+01',
        '23:00:00+01'
    ),
    (398, 57, 'Samedi', '00:00:00+01', '23:00:00+01'),
    (
        399,
        57,
        'Dimanche',
        '00:00:00+01',
        '23:00:00+01'
    ),
    (400, 58, 'Lundi', '00:00:00+01', '23:00:00+01'),
    (401, 58, 'Mardi', '00:00:00+01', '23:00:00+01'),
    (
        402,
        58,
        'Mercredi',
        '00:00:00+01',
        '23:00:00+01'
    ),
    (403, 58, 'Jeudi', '00:00:00+01', '23:00:00+01'),
    (
        404,
        58,
        'Vendredi',
        '00:00:00+01',
        '23:00:00+01'
    ),
    (405, 58, 'Samedi', '00:00:00+01', '23:00:00+01'),
    (
        406,
        58,
        'Dimanche',
        '00:00:00+01',
        '23:00:00+01'
    ),
    (407, 59, 'Lundi', '00:00:00+01', '23:00:00+01'),
    (408, 59, 'Mardi', '00:00:00+01', '23:00:00+01'),
    (
        409,
        59,
        'Mercredi',
        '00:00:00+01',
        '23:00:00+01'
    ),
    (410, 59, 'Jeudi', '00:00:00+01', '23:00:00+01'),
    (
        411,
        59,
        'Vendredi',
        '00:00:00+01',
        '23:00:00+01'
    ),
    (412, 59, 'Samedi', '00:00:00+01', '23:00:00+01'),
    (
        413,
        59,
        'Dimanche',
        '00:00:00+01',
        '23:00:00+01'
    ),
    (414, 60, 'Lundi', '00:00:00+01', '23:00:00+01'),
    (415, 60, 'Mardi', '00:00:00+01', '23:00:00+01'),
    (
        416,
        60,
        'Mercredi',
        '00:00:00+01',
        '23:00:00+01'
    ),
    (417, 60, 'Jeudi', '00:00:00+01', '23:00:00+01'),
    (
        418,
        60,
        'Vendredi',
        '00:00:00+01',
        '23:00:00+01'
    ),
    (419, 60, 'Samedi', '00:00:00+01', '23:00:00+01'),
    (
        420,
        60,
        'Dimanche',
        '00:00:00+01',
        '23:00:00+01'
    ),
    (421, 61, 'Lundi', '00:00:00+01', '23:00:00+01'),
    (422, 61, 'Mardi', '00:00:00+01', '23:00:00+01'),
    (
        423,
        61,
        'Mercredi',
        '00:00:00+01',
        '23:00:00+01'
    ),
    (424, 61, 'Jeudi', '00:00:00+01', '23:00:00+01'),
    (
        425,
        61,
        'Vendredi',
        '00:00:00+01',
        '23:00:00+01'
    ),
    (426, 61, 'Samedi', '00:00:00+01', '23:00:00+01'),
    (
        427,
        61,
        'Dimanche',
        '00:00:00+01',
        '23:00:00+01'
    ),
    (428, 62, 'Lundi', '00:00:00+01', '23:00:00+01'),
    (429, 62, 'Mardi', '00:00:00+01', '23:00:00+01'),
    (
        430,
        62,
        'Mercredi',
        '00:00:00+01',
        '23:00:00+01'
    ),
    (431, 62, 'Jeudi', '00:00:00+01', '23:00:00+01'),
    (
        432,
        62,
        'Vendredi',
        '00:00:00+01',
        '23:00:00+01'
    ),
    (433, 62, 'Samedi', '00:00:00+01', '23:00:00+01'),
    (
        434,
        62,
        'Dimanche',
        '00:00:00+01',
        '23:00:00+01'
    ),
    (435, 63, 'Lundi', '00:00:00+01', '23:00:00+01'),
    (436, 63, 'Mardi', '00:00:00+01', '23:00:00+01'),
    (
        437,
        63,
        'Mercredi',
        '00:00:00+01',
        '23:00:00+01'
    ),
    (438, 63, 'Jeudi', '00:00:00+01', '23:00:00+01'),
    (
        439,
        63,
        'Vendredi',
        '00:00:00+01',
        '23:00:00+01'
    ),
    (440, 63, 'Samedi', '00:00:00+01', '23:00:00+01'),
    (
        441,
        63,
        'Dimanche',
        '00:00:00+01',
        '23:00:00+01'
    ),
    (442, 64, 'Lundi', '00:00:00+01', '23:00:00+01'),
    (443, 64, 'Mardi', '00:00:00+01', '23:00:00+01'),
    (
        444,
        64,
        'Mercredi',
        '00:00:00+01',
        '23:00:00+01'
    ),
    (445, 64, 'Jeudi', '00:00:00+01', '23:00:00+01'),
    (
        446,
        64,
        'Vendredi',
        '00:00:00+01',
        '23:00:00+01'
    ),
    (447, 64, 'Samedi', '00:00:00+01', '23:00:00+01'),
    (
        448,
        64,
        'Dimanche',
        '00:00:00+01',
        '23:00:00+01'
    ),
    (449, 65, 'Lundi', '00:00:00+01', '23:00:00+01'),
    (450, 65, 'Mardi', '00:00:00+01', '23:00:00+01'),
    (
        451,
        65,
        'Mercredi',
        '00:00:00+01',
        '23:00:00+01'
    ),
    (452, 65, 'Jeudi', '00:00:00+01', '23:00:00+01'),
    (
        453,
        65,
        'Vendredi',
        '00:00:00+01',
        '23:00:00+01'
    ),
    (454, 65, 'Samedi', '00:00:00+01', '23:00:00+01'),
    (
        455,
        65,
        'Dimanche',
        '00:00:00+01',
        '23:00:00+01'
    ),
    (456, 66, 'Lundi', '00:00:00+01', '23:00:00+01'),
    (457, 66, 'Mardi', '00:00:00+01', '23:00:00+01'),
    (
        458,
        66,
        'Mercredi',
        '00:00:00+01',
        '23:00:00+01'
    ),
    (459, 66, 'Jeudi', '00:00:00+01', '23:00:00+01'),
    (
        460,
        66,
        'Vendredi',
        '00:00:00+01',
        '23:00:00+01'
    ),
    (461, 66, 'Samedi', '00:00:00+01', '23:00:00+01'),
    (
        462,
        66,
        'Dimanche',
        '00:00:00+01',
        '23:00:00+01'
    ),
    (463, 67, 'Lundi', '00:00:00+01', '23:00:00+01'),
    (464, 67, 'Mardi', '00:00:00+01', '23:00:00+01'),
    (
        465,
        67,
        'Mercredi',
        '00:00:00+01',
        '23:00:00+01'
    ),
    (466, 67, 'Jeudi', '00:00:00+01', '23:00:00+01'),
    (
        467,
        67,
        'Vendredi',
        '00:00:00+01',
        '23:00:00+01'
    ),
    (468, 67, 'Samedi', '00:00:00+01', '23:00:00+01'),
    (
        469,
        67,
        'Dimanche',
        '00:00:00+01',
        '23:00:00+01'
    ),
    (470, 68, 'Lundi', '00:00:00+01', '23:00:00+01'),
    (471, 68, 'Mardi', '00:00:00+01', '23:00:00+01'),
    (
        472,
        68,
        'Mercredi',
        '00:00:00+01',
        '23:00:00+01'
    ),
    (473, 68, 'Jeudi', '00:00:00+01', '23:00:00+01'),
    (
        474,
        68,
        'Vendredi',
        '00:00:00+01',
        '23:00:00+01'
    ),
    (475, 68, 'Samedi', '00:00:00+01', '23:00:00+01'),
    (
        476,
        68,
        'Dimanche',
        '00:00:00+01',
        '23:00:00+01'
    ),
    (477, 69, 'Lundi', '00:00:00+01', '23:00:00+01'),
    (478, 69, 'Mardi', '00:00:00+01', '23:00:00+01'),
    (
        479,
        69,
        'Mercredi',
        '00:00:00+01',
        '23:00:00+01'
    ),
    (480, 69, 'Jeudi', '00:00:00+01', '23:00:00+01'),
    (
        481,
        69,
        'Vendredi',
        '00:00:00+01',
        '23:00:00+01'
    ),
    (482, 69, 'Samedi', '00:00:00+01', '23:00:00+01'),
    (
        483,
        69,
        'Dimanche',
        '00:00:00+01',
        '23:00:00+01'
    ),
    (484, 70, 'Lundi', '00:00:00+01', '23:00:00+01'),
    (485, 70, 'Mardi', '00:00:00+01', '23:00:00+01'),
    (
        486,
        70,
        'Mercredi',
        '00:00:00+01',
        '23:00:00+01'
    ),
    (487, 70, 'Jeudi', '00:00:00+01', '23:00:00+01'),
    (
        488,
        70,
        'Vendredi',
        '00:00:00+01',
        '23:00:00+01'
    ),
    (489, 70, 'Samedi', '00:00:00+01', '23:00:00+01'),
    (
        490,
        70,
        'Dimanche',
        '00:00:00+01',
        '23:00:00+01'
    );
INSERT INTO PLANNING_RESERVATION (IDPLANNING, IDCLIENT)
VALUES (1, 1),
    (2, 2),
    (3, 3),
    (4, 4),
    (5, 5),
    (6, 6),
    (7, 7),
    (8, 8),
    (9, 9),
    (10, 10),
    (11, 11),
    (12, 12),
    (13, 13),
    (14, 14),
    (15, 15),
    (16, 16),
    (17, 17),
    (18, 18),
    (19, 19),
    (20, 20),
    (21, 21),
    (22, 22),
    (23, 23),
    (24, 24),
    (25, 25),
    (26, 26),
    (27, 27),
    (28, 28),
    (29, 29),
    (30, 30),
    (31, 31),
    (32, 32),
    (33, 33),
    (34, 34),
    (35, 35),
    (36, 36),
    (37, 37),
    (38, 38),
    (39, 39),
    (40, 40),
    (41, 41),
    (42, 42),
    (43, 43),
    (44, 44),
    (45, 45),
    (46, 46),
    (47, 47),
    (48, 48),
    (49, 49),
    (50, 50);
INSERT INTO RESERVATION (
        IDRESERVATION,
        IDCLIENT,
        IDPLANNING,
        IDVELO,
        DATERESERVATION,
        HEURERESERVATION,
        POURQUI
    )
VALUES (
        1,
        50,
        1,
        1,
        '2024-11-14',
        '13:00:00',
        'moi'
    ),
    (
        2,
        9,
        2,
        2,
        '2024-11-24',
        '09:30:00',
        'mon ami'
    ),
    (
        3,
        27,
        3,
        3,
        '2024-11-27',
        '13:30:00',
        'mon ami'
    ),
    (
        4,
        5,
        4,
        4,
        '2024-11-18',
        '15:45:00',
        'mon ami'
    ),
    (
        5,
        1,
        5,
        5,
        '2024-11-18',
        '17:00:00',
        'mon ami'
    ),
    (
        6,
        2,
        6,
        6,
        '2024-11-22',
        '15:15:00',
        'moi'
    ),
    (
        7,
        3,
        7,
        7,
        '2024-11-22',
        '20:30:00',
        'moi'
    ),
    (
        8,
        38,
        8,
        8,
        '2024-11-26',
        '20:15:00',
        'moi'
    ),
    (
        9,
        28,
        9,
        9,
        '2024-11-24',
        '13:45:00',
        'moi'
    ),
    (
        10,
        34,
        10,
        10,
        '2024-11-18',
        '16:30:00',
        'mon ami'
    ),
    (
        11,
        12,
        11,
        1,
        '2024-11-17',
        '08:00:00',
        'moi'
    ),
    (
        12,
        1,
        12,
        2,
        '2024-11-21',
        '08:15:00',
        'mon ami'
    ),
    (
        13,
        45,
        13,
        3,
        '2024-11-26',
        '19:00:00',
        'mon ami'
    ),
    (
        14,
        16,
        14,
        4,
        '2024-11-19',
        '17:15:00',
        'mon ami'
    ),
    (
        15,
        39,
        15,
        5,
        '2024-11-27',
        '16:45:00',
        'moi'
    ),
    (
        16,
        3,
        16,
        6,
        '2024-11-17',
        '17:00:00',
        'mon ami'
    ),
    (
        17,
        23,
        17,
        7,
        '2024-11-23',
        '10:30:00',
        'mon ami'
    ),
    (
        18,
        2,
        18,
        8,
        '2024-11-15',
        '10:45:00',
        'mon ami'
    ),
    (
        19,
        37,
        19,
        9,
        '2024-11-11',
        '17:30:00',
        'moi'
    ),
    (
        20,
        47,
        20,
        10,
        '2024-11-25',
        '16:30:00',
        'moi'
    ),
    (
        21,
        6,
        21,
        1,
        '2024-11-28',
        '14:30:00',
        'moi'
    ),
    (
        22,
        45,
        22,
        2,
        '2024-11-20',
        '16:00:00',
        'moi'
    ),
    (
        23,
        19,
        23,
        3,
        '2024-11-12',
        '11:45:00',
        'mon ami'
    ),
    (
        24,
        11,
        24,
        4,
        '2024-11-27',
        '10:45:00',
        'moi'
    ),
    (
        25,
        20,
        25,
        5,
        '2024-11-28',
        '15:30:00',
        'mon ami'
    ),
    (
        26,
        12,
        26,
        6,
        '2024-11-28',
        '17:00:00',
        'moi'
    ),
    (
        27,
        34,
        27,
        7,
        '2024-11-26',
        '13:30:00',
        'moi'
    ),
    (
        28,
        21,
        28,
        8,
        '2024-11-21',
        '19:00:00',
        'moi'
    ),
    (
        29,
        18,
        29,
        9,
        '2024-11-25',
        '10:00:00',
        'mon ami'
    ),
    (
        30,
        28,
        30,
        10,
        '2024-11-23',
        '16:45:00',
        'mon ami'
    ),
    (
        31,
        28,
        31,
        1,
        '2024-11-19',
        '17:00:00',
        'moi'
    ),
    (
        32,
        7,
        32,
        2,
        '2024-11-28',
        '16:45:00',
        'moi'
    ),
    (
        33,
        33,
        33,
        3,
        '2024-11-11',
        '12:45:00',
        'moi'
    ),
    (
        34,
        25,
        34,
        4,
        '2024-11-22',
        '10:45:00',
        'mon ami'
    ),
    (
        35,
        18,
        35,
        5,
        '2024-11-28',
        '09:00:00',
        'moi'
    ),
    (
        36,
        10,
        36,
        6,
        '2024-11-22',
        '12:15:00',
        'mon ami'
    ),
    (
        37,
        37,
        37,
        7,
        '2024-11-14',
        '13:00:00',
        'mon ami'
    ),
    (
        38,
        34,
        38,
        8,
        '2024-11-14',
        '09:45:00',
        'mon ami'
    ),
    (
        39,
        39,
        39,
        9,
        '2024-11-11',
        '16:30:00',
        'moi'
    ),
    (
        40,
        15,
        40,
        1,
        '2024-11-22',
        '12:00:00',
        'moi'
    ),
    (
        41,
        26,
        41,
        2,
        '2024-11-13',
        '14:30:00',
        'mon ami'
    ),
    (
        42,
        41,
        42,
        3,
        '2024-11-17',
        '08:45:00',
        'moi'
    ),
    (
        43,
        33,
        43,
        4,
        '2024-11-28',
        '08:00:00',
        'moi'
    ),
    (
        44,
        48,
        44,
        5,
        '2024-11-15',
        '17:45:00',
        'mon ami'
    ),
    (
        45,
        18,
        45,
        6,
        '2024-11-28',
        '13:15:00',
        'mon ami'
    ),
    (
        46,
        38,
        46,
        7,
        '2024-11-18',
        '13:30:00',
        'moi'
    ),
    (
        47,
        4,
        47,
        8,
        '2024-11-18',
        '10:00:00',
        'moi'
    ),
    (
        48,
        49,
        48,
        9,
        '2024-11-27',
        '17:30:00',
        'moi'
    ),
    (
        49,
        38,
        49,
        10,
        '2024-11-25',
        '19:00:00',
        'mon ami'
    ),
    (
        50,
        33,
        50,
        1,
        '2024-11-21',
        '15:30:00',
        'moi'
    ),
    (
        51,
        25,
        24,
        NULL,
        '2024-11-21',
        '09:45:00',
        'moi'
    ),
    (
        52,
        31,
        4,
        NULL,
        '2024-11-18',
        '10:00:00',
        'moi'
    ),
    (
        53,
        11,
        5,
        NULL,
        '2024-11-14',
        '12:45:00',
        'mon ami'
    ),
    (
        54,
        44,
        47,
        NULL,
        '2024-11-14',
        '09:45:00',
        'mon ami'
    ),
    (
        55,
        35,
        9,
        NULL,
        '2024-11-28',
        '19:15:00',
        'moi'
    ),
    (
        56,
        29,
        10,
        NULL,
        '2024-11-28',
        '20:45:00',
        'moi'
    ),
    (
        57,
        12,
        31,
        NULL,
        '2024-11-11',
        '10:15:00',
        'moi'
    ),
    (
        58,
        33,
        1,
        NULL,
        '2024-11-16',
        '13:30:00',
        'moi'
    ),
    (
        59,
        43,
        49,
        NULL,
        '2024-11-28',
        '20:45:00',
        'mon ami'
    ),
    (
        60,
        17,
        6,
        NULL,
        '2024-11-16',
        '17:30:00',
        'moi'
    ),
    (
        61,
        19,
        40,
        NULL,
        '2024-11-26',
        '08:45:00',
        'mon ami'
    ),
    (
        62,
        27,
        29,
        NULL,
        '2024-11-21',
        '18:00:00',
        'moi'
    ),
    (
        63,
        41,
        7,
        NULL,
        '2024-11-13',
        '19:00:00',
        'mon ami'
    ),
    (
        64,
        33,
        24,
        NULL,
        '2024-11-28',
        '16:30:00',
        'moi'
    ),
    (
        65,
        33,
        1,
        NULL,
        '2024-11-16',
        '10:00:00',
        'mon ami'
    ),
    (
        66,
        33,
        2,
        NULL,
        '2024-11-28',
        '15:30:00',
        'mon ami'
    ),
    (
        67,
        45,
        20,
        NULL,
        '2024-11-18',
        '13:00:00',
        'moi'
    ),
    (
        68,
        6,
        7,
        NULL,
        '2024-11-15',
        '09:15:00',
        'mon ami'
    ),
    (
        69,
        35,
        10,
        NULL,
        '2024-11-23',
        '09:15:00',
        'mon ami'
    ),
    (
        70,
        48,
        15,
        NULL,
        '2024-11-11',
        '16:45:00',
        'mon ami'
    ),
    (
        71,
        15,
        2,
        NULL,
        '2024-11-20',
        '10:15:00',
        'moi'
    ),
    (
        72,
        10,
        11,
        NULL,
        '2024-11-28',
        '16:00:00',
        'moi'
    ),
    (
        73,
        5,
        5,
        NULL,
        '2024-11-25',
        '13:00:00',
        'mon ami'
    ),
    (
        74,
        18,
        2,
        NULL,
        '2024-11-28',
        '10:00:00',
        'moi'
    ),
    (
        75,
        24,
        15,
        NULL,
        '2024-11-11',
        '18:00:00',
        'mon ami'
    ),
    (
        76,
        23,
        44,
        NULL,
        '2024-11-25',
        '09:00:00',
        'moi'
    ),
    (
        77,
        33,
        9,
        NULL,
        '2024-11-19',
        '17:15:00',
        'moi'
    ),
    (
        78,
        15,
        46,
        NULL,
        '2024-11-15',
        '18:30:00',
        'moi'
    ),
    (
        79,
        4,
        34,
        NULL,
        '2024-11-28',
        '08:45:00',
        'mon ami'
    ),
    (
        80,
        37,
        50,
        NULL,
        '2024-11-20',
        '15:30:00',
        'moi'
    ),
    (
        81,
        48,
        46,
        NULL,
        '2024-11-26',
        '09:15:00',
        'moi'
    ),
    (
        82,
        2,
        24,
        NULL,
        '2024-11-28',
        '15:00:00',
        'mon ami'
    ),
    (
        83,
        25,
        16,
        NULL,
        '2024-11-24',
        '17:45:00',
        'moi'
    ),
    (
        84,
        8,
        26,
        NULL,
        '2024-11-11',
        '16:30:00',
        'mon ami'
    ),
    (
        85,
        31,
        33,
        NULL,
        '2024-11-20',
        '18:45:00',
        'mon ami'
    ),
    (
        86,
        42,
        15,
        NULL,
        '2024-11-17',
        '12:00:00',
        'mon ami'
    ),
    (
        87,
        3,
        43,
        NULL,
        '2024-11-28',
        '10:45:00',
        'mon ami'
    ),
    (
        88,
        21,
        48,
        NULL,
        '2024-11-18',
        '10:00:00',
        'mon ami'
    ),
    (
        89,
        48,
        13,
        NULL,
        '2024-11-13',
        '11:15:00',
        'moi'
    ),
    (
        90,
        9,
        8,
        NULL,
        '2024-11-22',
        '15:30:00',
        'mon ami'
    ),
    (
        91,
        16,
        9,
        NULL,
        '2024-11-28',
        '17:45:00',
        'mon ami'
    ),
    (
        92,
        46,
        32,
        NULL,
        '2024-11-24',
        '10:45:00',
        'mon ami'
    ),
    (
        93,
        24,
        33,
        NULL,
        '2024-11-21',
        '19:45:00',
        'moi'
    ),
    (
        94,
        18,
        20,
        NULL,
        '2024-11-21',
        '08:15:00',
        'mon ami'
    ),
    (
        95,
        16,
        19,
        NULL,
        '2024-11-13',
        '20:00:00',
        'mon ami'
    ),
    (
        96,
        30,
        22,
        NULL,
        '2024-11-20',
        '13:45:00',
        'moi'
    ),
    (
        97,
        32,
        27,
        NULL,
        '2024-11-28',
        '08:45:00',
        'moi'
    ),
    (
        98,
        49,
        50,
        NULL,
        '2024-11-26',
        '17:45:00',
        'moi'
    ),
    (
        99,
        35,
        34,
        NULL,
        '2024-11-27',
        '14:30:00',
        'mon ami'
    ),
    (
        100,
        43,
        5,
        NULL,
        '2024-11-28',
        '09:00:00',
        'mon ami'
    ),
    (101, 25, 5, 1, '2025-01-12', '13:00:00', 'moi'),
    (
        102,
        18,
        8,
        2,
        '2025-01-11',
        '09:30:00',
        'mon ami'
    ),
    (
        103,
        37,
        3,
        3,
        '2025-01-10',
        '12:30:00',
        'mon ami'
    ),
    (104, 5, 2, 4, '2025-01-09', '15:45:00', 'moi'),
    (
        105,
        7,
        4,
        5,
        '2025-01-08',
        '10:15:00',
        'mon ami'
    ),
    (106, 8, 7, 6, '2025-01-07', '11:45:00', 'moi'),
    (
        107,
        16,
        6,
        7,
        '2025-01-06',
        '12:45:00',
        'mon ami'
    ),
    (108, 45, 1, 8, '2025-01-05', '14:45:00', 'moi'),
    (
        109,
        20,
        9,
        9,
        '2025-01-04',
        '17:30:00',
        'mon ami'
    ),
    (110, 33, 10, 10, '2025-01-03', '10:15:00', 'moi'),
    (
        111,
        12,
        11,
        1,
        '2025-01-02',
        '13:30:00',
        'mon ami'
    ),
    (112, 28, 12, 2, '2025-01-01', '15:15:00', 'moi'),
    (113, 50, 13, 3, '2024-12-30', '09:15:00', 'moi'),
    (
        114,
        41,
        14,
        4,
        '2024-12-29',
        '12:30:00',
        'mon ami'
    );
INSERT INTO COURSE (
        IDCOURSE,
        IDCOURSIER,
        IDCB,
        IDADRESSE,
        IDRESERVATION,
        ADR_IDADRESSE,
        IDPRESTATION,
        DATECOURSE,
        HEURECOURSE,
        PRIXCOURSE,
        STATUTCOURSE,
        NOTECOURSE,
        COMMENTAIRECOURSE,
        POURBOIRE,
        DISTANCE,
        TEMPS
    )
VALUES (
        1,
        NULL,
        7,
        32,
        50,
        56,
        7,
        '2024-12-10',
        '08:30:00',
        15.00,
        'En attente',
        NULL,
        NULL,
        NULL,
        3.0,
        10
    ),
    (
        2,
        NULL,
        6,
        35,
        51,
        59,
        6,
        '2024-12-11',
        '09:00:00',
        25.00,
        'En attente',
        NULL,
        NULL,
        NULL,
        5.0,
        20
    ),
    (
        3,
        3,
        4,
        37,
        52,
        46,
        7,
        '2024-12-09',
        '14:15:00',
        4.50,
        'Annulée',
        NULL,
        NULL,
        NULL,
        7.0,
        30
    ),
    (
        4,
        49,
        7,
        70,
        53,
        55,
        3,
        '2024-12-10',
        '15:45:00',
        45.00,
        'En cours',
        NULL,
        NULL,
        NULL,
        10.0,
        50
    ),
    (
        5,
        24,
        8,
        78,
        54,
        8,
        1,
        '2024-12-08',
        '11:30:00',
        80.00,
        'Terminée',
        4.5,
        'Service rapide',
        10.00,
        15.0,
        60
    ),
    (
        6,
        37,
        5,
        18,
        55,
        14,
        7,
        '2024-12-09',
        '13:00:00',
        50.00,
        'Terminée',
        3.5,
        'Bon service',
        5.00,
        8.0,
        30
    ),
    (
        7,
        NULL,
        3,
        16,
        56,
        39,
        3,
        '2024-12-11',
        '10:00:00',
        12.00,
        'En attente',
        NULL,
        NULL,
        NULL,
        2.5,
        10
    ),
    (
        8,
        69,
        1,
        89,
        57,
        31,
        2,
        '2024-12-07',
        '16:20:00',
        40.00,
        'Terminée',
        4.0,
        'Efficace',
        8.00,
        12.0,
        45
    ),
    (
        9,
        11,
        4,
        92,
        58,
        74,
        2,
        '2024-12-08',
        '17:10:00',
        30.00,
        'En cours',
        NULL,
        NULL,
        NULL,
        9.0,
        40
    ),
    (
        10,
        14,
        5,
        82,
        60,
        44,
        2,
        '2024-12-10',
        '14:00:00',
        25.00,
        'En cours',
        NULL,
        NULL,
        NULL,
        4.0,
        15
    ),
    (
        11,
        65,
        1,
        37,
        61,
        17,
        1,
        '2024-12-09',
        '08:00:00',
        90.00,
        'Terminée',
        5.0,
        'Parfait',
        15.00,
        20.0,
        70
    ),
    (
        12,
        26,
        6,
        24,
        62,
        88,
        5,
        '2024-12-10',
        '11:45:00',
        55.00,
        'En cours',
        NULL,
        NULL,
        NULL,
        7.0,
        25
    ),
    (
        13,
        35,
        1,
        27,
        63,
        74,
        1,
        '2024-12-11',
        '09:30:00',
        10.00,
        'En cours',
        NULL,
        NULL,
        NULL,
        2.0,
        15
    ),
    (
        14,
        29,
        6,
        26,
        64,
        11,
        5,
        '2024-12-09',
        '10:45:00',
        65.00,
        'En cours',
        NULL,
        NULL,
        NULL,
        12.0,
        50
    ),
    (
        15,
        36,
        7,
        18,
        65,
        4,
        5,
        '2024-12-08',
        '12:15:00',
        20.00,
        'Terminée',
        3.0,
        'Bon service',
        4.00,
        5.0,
        25
    ),
    (
        16,
        40,
        10,
        46,
        66,
        35,
        4,
        '2024-12-10',
        '13:30:00',
        75.00,
        'Terminée',
        4.8,
        'Rapide et efficace',
        12.00,
        15.0,
        60
    ),
    (
        17,
        20,
        3,
        25,
        67,
        49,
        7,
        '2024-12-09',
        '08:00:00',
        7.50,
        'Annulée',
        NULL,
        NULL,
        NULL,
        5.0,
        20
    ),
    (
        18,
        28,
        10,
        96,
        68,
        6,
        7,
        '2024-12-11',
        '10:15:00',
        30.00,
        'En cours',
        NULL,
        NULL,
        NULL,
        3.0,
        15
    ),
    (
        19,
        NULL,
        1,
        88,
        69,
        31,
        3,
        '2024-12-07',
        '16:45:00',
        8.00,
        'En attente',
        NULL,
        NULL,
        NULL,
        1.5,
        5
    ),
    (
        20,
        NULL,
        6,
        30,
        70,
        7,
        4,
        '2024-12-08',
        '17:20:00',
        70.00,
        'En attente',
        NULL,
        NULL,
        NULL,
        18.0,
        50
    ),
    (
        21,
        NULL,
        5,
        93,
        71,
        72,
        2,
        '2024-12-09',
        '14:00:00',
        20.00,
        'En attente',
        NULL,
        NULL,
        NULL,
        5.0,
        25
    ),
    (
        22,
        37,
        5,
        67,
        72,
        96,
        6,
        '2024-12-10',
        '11:00:00',
        50.00,
        'En cours',
        NULL,
        NULL,
        NULL,
        10.0,
        40
    ),
    (
        23,
        NULL,
        8,
        5,
        73,
        30,
        3,
        '2024-12-11',
        '09:45:00',
        15.00,
        'En attente',
        NULL,
        NULL,
        NULL,
        4.0,
        15
    ),
    (
        24,
        48,
        1,
        7,
        74,
        30,
        5,
        '2024-12-08',
        '13:30:00',
        80.00,
        'Terminée',
        4.5,
        'Très satisfait',
        12.00,
        16.0,
        60
    ),
    (
        25,
        NULL,
        10,
        38,
        75,
        58,
        2,
        '2024-12-09',
        '15:45:00',
        18.00,
        'En attente',
        NULL,
        NULL,
        NULL,
        3.0,
        10
    ),
    (
        26,
        58,
        3,
        18,
        76,
        14,
        5,
        '2024-12-10',
        '16:30:00',
        60.00,
        'En cours',
        NULL,
        NULL,
        NULL,
        15.0,
        50
    ),
    (
        27,
        47,
        6,
        97,
        77,
        38,
        2,
        '2024-12-11',
        '14:15:00',
        10.00,
        'Annulée',
        NULL,
        NULL,
        NULL,
        12.0,
        45
    ),
    (
        28,
        58,
        6,
        62,
        78,
        39,
        7,
        '2024-12-07',
        '08:30:00',
        5.00,
        'Annulée',
        NULL,
        NULL,
        NULL,
        10.0,
        35
    ),
    (
        29,
        49,
        4,
        23,
        79,
        42,
        3,
        '2024-12-08',
        '17:00:00',
        30.00,
        'En cours',
        NULL,
        NULL,
        NULL,
        8.0,
        30
    ),
    (
        30,
        11,
        2,
        94,
        80,
        27,
        6,
        '2024-12-09',
        '11:30:00',
        4.00,
        'Annulée',
        NULL,
        NULL,
        NULL,
        4.0,
        15
    ),
    (
        31,
        NULL,
        2,
        83,
        81,
        13,
        5,
        '2024-12-11',
        '15:45:00',
        25.00,
        'En attente',
        NULL,
        NULL,
        NULL,
        6.0,
        20
    ),
    (
        32,
        35,
        1,
        55,
        82,
        42,
        3,
        '2024-12-10',
        '16:00:00',
        6.00,
        'Annulée',
        NULL,
        NULL,
        NULL,
        5.0,
        20
    ),
    (
        33,
        36,
        5,
        8,
        83,
        6,
        4,
        '2024-12-09',
        '17:20:00',
        40.00,
        'En cours',
        NULL,
        NULL,
        NULL,
        9.0,
        30
    ),
    (
        34,
        NULL,
        3,
        25,
        84,
        89,
        3,
        '2024-12-08',
        '10:30:00',
        20.00,
        'En attente',
        NULL,
        NULL,
        NULL,
        7.0,
        25
    ),
    (
        35,
        35,
        10,
        31,
        85,
        76,
        1,
        '2024-12-09',
        '08:45:00',
        10.00,
        'En cours',
        NULL,
        NULL,
        NULL,
        2.0,
        5
    ),
    (
        36,
        NULL,
        10,
        79,
        86,
        32,
        6,
        '2024-12-11',
        '12:30:00',
        22.00,
        'En attente',
        NULL,
        NULL,
        NULL,
        3.5,
        12
    ),
    (
        37,
        NULL,
        4,
        100,
        87,
        56,
        4,
        '2024-12-07',
        '11:15:00',
        30.00,
        'En attente',
        NULL,
        NULL,
        NULL,
        6.0,
        20
    ),
    (
        38,
        NULL,
        9,
        49,
        88,
        44,
        6,
        '2024-12-08',
        '16:50:00',
        90.00,
        'En attente',
        NULL,
        NULL,
        NULL,
        18.0,
        60
    ),
    (
        39,
        3,
        6,
        93,
        89,
        55,
        2,
        '2024-12-09',
        '13:00:00',
        85.00,
        'Terminée',
        5.0,
        'Excellente prestation',
        10.00,
        16.0,
        55
    ),
    (
        40,
        15,
        9,
        24,
        90,
        84,
        3,
        '2024-12-10',
        '14:45:00',
        35.00,
        'Terminée',
        4.0,
        'Bon travail',
        6.00,
        12.0,
        40
    ),
    (
        41,
        14,
        4,
        86,
        91,
        63,
        7,
        '2024-12-07',
        '12:30:00',
        40.00,
        'En cours',
        NULL,
        NULL,
        NULL,
        8.0,
        25
    ),
    (
        42,
        NULL,
        5,
        54,
        92,
        30,
        7,
        '2024-12-09',
        '11:15:00',
        18.00,
        'En attente',
        NULL,
        NULL,
        NULL,
        4.0,
        15
    ),
    (
        43,
        15,
        6,
        72,
        93,
        56,
        2,
        '2024-12-08',
        '15:30:00',
        7.00,
        'Annulée',
        NULL,
        NULL,
        NULL,
        5.0,
        20
    ),
    (
        44,
        14,
        3,
        37,
        94,
        75,
        5,
        '2024-12-11',
        '13:20:00',
        55.00,
        'En cours',
        NULL,
        NULL,
        NULL,
        10.0,
        30
    ),
    (
        45,
        29,
        5,
        25,
        95,
        83,
        5,
        '2024-12-10',
        '16:10:00',
        6.00,
        'Annulée',
        NULL,
        NULL,
        NULL,
        6.0,
        20
    ),
    (
        46,
        26,
        2,
        10,
        96,
        9,
        2,
        '2024-12-09',
        '09:45:00',
        4.00,
        'Annulée',
        NULL,
        NULL,
        NULL,
        3.0,
        10
    ),
    (
        47,
        24,
        2,
        82,
        97,
        80,
        5,
        '2024-12-08',
        '11:00:00',
        85.00,
        'Terminée',
        5.0,
        'Service impeccable',
        10.00,
        15.0,
        45
    ),
    (
        48,
        22,
        6,
        44,
        98,
        28,
        2,
        '2024-12-07',
        '14:15:00',
        95.00,
        'Terminée',
        4.8,
        'Très satisfait',
        12.00,
        18.0,
        50
    ),
    (
        49,
        20,
        5,
        63,
        99,
        39,
        4,
        '2024-12-11',
        '15:30:00',
        20.00,
        'En cours',
        NULL,
        NULL,
        NULL,
        5.0,
        15
    ),
    (
        50,
        NULL,
        3,
        64,
        100,
        20,
        6,
        '2024-12-08',
        '10:15:00',
        35.00,
        'En attente',
        NULL,
        NULL,
        NULL,
        7.0,
        25
    ),
    (
        51,
        18,
        1,
        45,
        101,
        33,
        4,
        '2024-09-15',
        '14:30:00',
        30.00,
        'Terminée',
        4.5,
        'Bon service',
        5.00,
        8.0,
        20
    ),
    (
        52,
        NULL,
        2,
        55,
        102,
        40,
        6,
        '2024-09-17',
        '10:00:00',
        25.00,
        'En attente',
        NULL,
        NULL,
        NULL,
        6.0,
        25
    ),
    (
        53,
        12,
        3,
        35,
        103,
        22,
        5,
        '2024-09-18',
        '12:15:00',
        15.00,
        'En cours',
        NULL,
        NULL,
        NULL,
        4.0,
        15
    ),
    (
        54,
        25,
        4,
        77,
        104,
        66,
        7,
        '2024-10-01',
        '16:00:00',
        40.00,
        'Terminée',
        4.8,
        'Rapide',
        10.00,
        10.0,
        35
    ),
    (
        55,
        NULL,
        5,
        61,
        105,
        11,
        3,
        '2024-10-05',
        '09:45:00',
        50.00,
        'En attente',
        NULL,
        NULL,
        NULL,
        15.0,
        40
    ),
    (
        56,
        19,
        1,
        34,
        106,
        15,
        2,
        '2024-11-12',
        '11:30:00',
        20.00,
        'Terminée',
        4.2,
        'Satisfaisant',
        5.00,
        7.0,
        25
    ),
    (
        57,
        NULL,
        3,
        89,
        107,
        28,
        5,
        '2024-11-20',
        '13:45:00',
        75.00,
        'En attente',
        NULL,
        NULL,
        NULL,
        20.0,
        50
    ),
    (
        58,
        34,
        4,
        45,
        108,
        33,
        6,
        '2024-12-05',
        '15:00:00',
        65.00,
        'En cours',
        NULL,
        NULL,
        NULL,
        12.0,
        45
    ),
    (
        59,
        42,
        5,
        88,
        109,
        22,
        7,
        '2024-12-25',
        '18:15:00',
        90.00,
        'Terminée',
        5.0,
        'Excellente prestation',
        15.00,
        25.0,
        60
    ),
    (
        60,
        39,
        6,
        66,
        110,
        19,
        3,
        '2025-01-03',
        '11:00:00',
        25.00,
        'Terminée',
        4.0,
        'Bon travail',
        5.00,
        5.0,
        15
    ),
    (
        61,
        NULL,
        4,
        77,
        111,
        66,
        5,
        '2025-01-10',
        '13:30:00',
        30.00,
        'En attente',
        NULL,
        NULL,
        NULL,
        8.0,
        25
    ),
    (
        62,
        28,
        7,
        43,
        112,
        10,
        4,
        '2025-01-12',
        '17:45:00',
        70.00,
        'Terminée',
        4.5,
        'Service impeccable',
        12.00,
        18.0,
        50
    ),
    (
        63,
        16,
        2,
        21,
        113,
        50,
        2,
        '2025-01-15',
        '09:15:00',
        45.00,
        'En cours',
        NULL,
        NULL,
        NULL,
        10.0,
        30
    ),
    (
        64,
        NULL,
        1,
        100,
        114,
        74,
        6,
        '2025-01-20',
        '12:00:00',
        35.00,
        'En attente',
        NULL,
        NULL,
        NULL,
        6.0,
        20
    );
INSERT INTO VELO_RESERVATION (
        IDRESERVATION,
        IDVELO,
        DUREERESERVATION,
        PRIXRESERVATION
    )
VALUES (1, 1, 20, 2.00),
    (2, 2, 33, 2.00),
    (3, 3, 60, 5.00),
    (4, 4, 180, 10.00),
    (5, 5, 300, 20.00),
    (6, 6, 480, 20.00),
    (7, 7, 720, 45.00),
    (8, 8, 1440, 45.00),
    (9, 9, 93, 10.00),
    (10, 10, 27, 2.00),
    (11, 11, 16, 2.00),
    (12, 12, 29, 2.00),
    (13, 13, 35, 2.00),
    (14, 14, 46, 5.00),
    (15, 15, 57, 5.00),
    (16, 16, 66, 5.00),
    (17, 17, 75, 5.00),
    (18, 18, 120, 5.00),
    (19, 19, 125, 10.00),
    (20, 20, 180, 10.00),
    (21, 21, 13, 2.00),
    (22, 22, 27, 2.00),
    (23, 23, 36, 2.00),
    (24, 24, 47, 5.00),
    (25, 25, 5, 2.00),
    (26, 26, 62, 5.00),
    (27, 27, 74, 5.00),
    (28, 28, 8, 2.00),
    (29, 29, 92, 10.00),
    (30, 30, 100, 10.00),
    (31, 31, 13, 2.00),
    (32, 32, 24, 2.00),
    (33, 33, 180, 10.00),
    (34, 34, 240, 20.00),
    (35, 35, 51, 5.00),
    (36, 36, 300, 20.00),
    (37, 37, 360, 20.00),
    (38, 38, 480, 20.00),
    (39, 39, 910, 45.00),
    (40, 40, 1440, 45.00),
    (41, 41, 14, 2.00),
    (42, 42, 35, 2.00),
    (43, 43, 67, 5.00),
    (44, 44, 145, 10.00),
    (45, 45, 250, 20.00),
    (46, 46, 360, 20.00),
    (47, 47, 500, 20.00),
    (48, 48, 1200, 45.00),
    (49, 49, 1439, 45.00),
    (50, 50, 1440, 45.00);
INSERT INTO A_3 (IDPRODUIT, IDCATEGORIE)
VALUES (1, 7),
    (2, 7),
    (3, 7),
    (4, 5),
    (5, 7),
    (6, 7),
    (7, 11),
    (8, 5),
    (9, 7),
    (10, 2),
    (11, 7),
    (12, 6),
    (13, 5),
    (14, 5),
    (15, 11),
    (16, 11),
    (17, 7),
    (18, 7),
    (19, 7),
    (20, 7),
    (21, 7),
    (22, 7),
    (23, 5),
    (24, 7),
    (25, 7),
    (26, 10),
    (27, 7),
    (28, 5),
    (29, 7),
    (30, 7),
    (31, 5),
    (32, 7),
    (33, 13),
    (34, 13),
    (35, 4),
    (36, 3),
    (37, 6),
    (38, 7),
    (39, 7),
    (40, 5),
    (41, 10),
    (42, 7),
    (43, 7),
    (44, 7),
    (45, 7),
    (46, 7),
    (47, 7),
    (48, 7),
    (49, 7),
    (50, 7),
    (51, 6),
    (52, 6),
    (53, 7),
    (54, 7),
    (55, 7),
    (56, 5),
    (57, 5),
    (58, 11),
    (59, 11),
    (60, 10),
    (61, 4),
    (62, 7),
    (63, 5),
    (64, 5),
    (65, 7),
    (66, 10),
    (67, 6),
    (68, 5),
    (69, 7),
    (70, 5),
    (71, 7),
    (72, 7),
    (73, 10),
    (74, 7),
    (75, 7),
    (76, 7),
    (77, 7),
    (78, 10),
    (79, 7),
    (80, 7),
    (81, 13),
    (82, 13),
    (83, 18),
    (84, 13),
    (85, 13),
    (86, 11),
    (87, 13),
    (88, 13),
    (89, 16),
    (90, 16),
    (91, 13),
    (92, 18),
    (93, 18),
    (94, 18),
    (95, 18),
    (96, 13),
    (97, 18),
    (98, 13),
    (99, 18),
    (100, 18),
    (101, 1),
    (102, 1),
    (103, 1),
    (108, 1),
    (107, 1),
    (117, 1),
    (116, 1),
    (118, 1),
    (110, 2),
    (111, 3),
    (113, 3),
    (112, 4),
    (109, 5),
    (106, 6),
    (114, 7),
    (115, 7),
    (105, 7),
    (104, 11),
    (119, 7),
    (120, 7),
    (121, 8),
    (122, 8),
    (123, 7),
    (124, 7),
    (125, 7),
    (126, 7),
    (127, 7),
    (128, 8),
    (129, 8),
    (130, 5),
    (131, 7),
    (132, 7),
    (133, 7),
    (134, 7),
    (135, 7),
    (136, 8),
    (137, 8),
    (138, 8),
    (139, 5),
    (140, 7),
    (141, 2),
    (142, 5),
    (143, 7),
    (144, 7),
    (145, 7),
    (146, 5),
    (147, 7),
    (148, 7),
    (149, 7),
    (150, 7),
    (151, 7),
    (152, 19),
    (153, 7),
    (154, 7),
    (155, 8);
INSERT INTO REGLEMENT_SALAIRE (
        IDREGLEMENT,
        IDCOURSIER,
        MONTANTREGLEMENT
    )
VALUES (1, 1, 1500.00),
    (2, 2, 1700.00),
    (3, 3, 1600.00),
    (4, 4, 1550.00),
    (5, 5, 1450.00),
    (6, 6, 1800.00),
    (7, 7, 1750.00),
    (8, 8, 1500.00),
    (9, 9, 1650.00),
    (10, 10, 1600.00);
-- ADRESSE
DROP SEQUENCE IF EXISTS ADRESSE_ID_SEQ CASCADE;
CREATE SEQUENCE ADRESSE_ID_SEQ START 1;
ALTER TABLE ADRESSE
ALTER COLUMN IDADRESSE
SET DEFAULT NEXTVAL('ADRESSE_id_seq');
SELECT SETVAL('ADRESSE_id_seq', 198);
-- CARTE_BANCAIRE
DROP SEQUENCE IF EXISTS CARTE_BANCAIRE_ID_SEQ CASCADE;
CREATE SEQUENCE CARTE_BANCAIRE_ID_SEQ START 1;
ALTER TABLE CARTE_BANCAIRE
ALTER COLUMN IDCB
SET DEFAULT NEXTVAL('CARTE_BANCAIRE_id_seq');
SELECT SETVAL('CARTE_BANCAIRE_id_seq', 10);
-- CATEGORIE_PRODUIT
DROP SEQUENCE IF EXISTS CATEGORIE_PRODUIT_ID_SEQ CASCADE;
CREATE SEQUENCE CATEGORIE_PRODUIT_ID_SEQ START 1;
ALTER TABLE CATEGORIE_PRODUIT
ALTER COLUMN IDCATEGORIE
SET DEFAULT NEXTVAL('CATEGORIE_PRODUIT_id_seq');
-- CLIENT
DROP SEQUENCE IF EXISTS CLIENT_ID_SEQ CASCADE;
CREATE SEQUENCE CLIENT_ID_SEQ START 1;
ALTER TABLE CLIENT
ALTER COLUMN IDCLIENT
SET DEFAULT NEXTVAL('CLIENT_id_seq');
SELECT SETVAL('CLIENT_id_seq', 50);
-- CODE_POSTAL
DROP SEQUENCE IF EXISTS CODE_POSTAL_ID_SEQ CASCADE;
CREATE SEQUENCE CODE_POSTAL_ID_SEQ START 1;
ALTER TABLE CODE_POSTAL
ALTER COLUMN IDCODEPOSTAL
SET DEFAULT NEXTVAL('CODE_POSTAL_id_seq');
SELECT SETVAL('CODE_POSTAL_id_seq', 40);
-- COMMANDE
DROP SEQUENCE IF EXISTS COMMANDE_ID_SEQ CASCADE;
CREATE SEQUENCE COMMANDE_ID_SEQ START 1;
ALTER TABLE COMMANDE
ALTER COLUMN IDCOMMANDE
SET DEFAULT NEXTVAL('COMMANDE_id_seq');
-- COURSE
DROP SEQUENCE IF EXISTS COURSE_ID_SEQ CASCADE;
CREATE SEQUENCE COURSE_ID_SEQ START 1;
ALTER TABLE COURSE
ALTER COLUMN IDCOURSE
SET DEFAULT NEXTVAL('COURSE_id_seq');
SELECT SETVAL('COURSE_id_seq', 64);
-- COURSIER
DROP SEQUENCE IF EXISTS COURSIER_ID_SEQ CASCADE;
CREATE SEQUENCE COURSIER_ID_SEQ START 1;
ALTER TABLE COURSIER
ALTER COLUMN IDCOURSIER
SET DEFAULT NEXTVAL('COURSIER_id_seq');
SELECT SETVAL('COURSIER_id_seq', 70);
-- DEPARTEMENT
DROP SEQUENCE IF EXISTS DEPARTEMENT_ID_SEQ CASCADE;
CREATE SEQUENCE DEPARTEMENT_ID_SEQ START 1;
ALTER TABLE DEPARTEMENT
ALTER COLUMN IDDEPARTEMENT
SET DEFAULT NEXTVAL('DEPARTEMENT_id_seq');
-- ENTREPRISE
DROP SEQUENCE IF EXISTS ENTREPRISE_ID_SEQ CASCADE;
CREATE SEQUENCE ENTREPRISE_ID_SEQ START 1;
ALTER TABLE ENTREPRISE
ALTER COLUMN IDENTREPRISE
SET DEFAULT NEXTVAL('ENTREPRISE_id_seq');
SELECT SETVAL('ENTREPRISE_id_seq', 40);
-- ENTRETIEN
DROP SEQUENCE IF EXISTS ENTRETIEN_ID_SEQ CASCADE;
CREATE SEQUENCE ENTRETIEN_ID_SEQ START 1;
ALTER TABLE ENTRETIEN
ALTER COLUMN IDENTRETIEN
SET DEFAULT NEXTVAL('ENTRETIEN_id_seq');
SELECT SETVAL('ENTRETIEN_id_seq', 70);
-- ETABLISSEMENT
DROP SEQUENCE IF EXISTS ETABLISSEMENT_ID_SEQ CASCADE;
CREATE SEQUENCE ETABLISSEMENT_ID_SEQ START 1;
ALTER TABLE ETABLISSEMENT
ALTER COLUMN IDETABLISSEMENT
SET DEFAULT NEXTVAL('ETABLISSEMENT_id_seq');
SELECT SETVAL('ETABLISSEMENT_id_seq', 45);
-- FACTURE
DROP SEQUENCE IF EXISTS FACTURE_ID_SEQ CASCADE;
CREATE SEQUENCE FACTURE_ID_SEQ START 1;
ALTER TABLE FACTURE
ALTER COLUMN IDFACTURE
SET DEFAULT NEXTVAL('FACTURE_ID_SEQ');
-- HORAIRES
DROP SEQUENCE IF EXISTS HORAIRES_ID_SEQ CASCADE;
CREATE SEQUENCE HORAIRES_ID_SEQ START 1;
ALTER TABLE HORAIRES
ALTER COLUMN IDHORAIRES
SET DEFAULT NEXTVAL('HORAIRES_id_seq');
SELECT SETVAL('HORAIRES_id_seq', 316);
-- HORAIRES_COURSIER
DROP SEQUENCE IF EXISTS HORAIRES_COURSIER_ID_SEQ CASCADE;
CREATE SEQUENCE HORAIRES_COURSIER_ID_SEQ START 1;
ALTER TABLE HORAIRES_COURSIER
ALTER COLUMN IDHORAIRES_COURSIER
SET DEFAULT NEXTVAL('HORAIRES_COURSIER_id_seq');
-- HORAIRES_LIVREUR
DROP SEQUENCE IF EXISTS HORAIRES_LIVREUR_ID_SEQ CASCADE;
CREATE SEQUENCE HORAIRES_LIVREUR_ID_SEQ START 1;
ALTER TABLE HORAIRES_LIVREUR
ALTER COLUMN IDHORAIRES_LIVREUR
SET DEFAULT NEXTVAL('HORAIRES_LIVREUR_ID_SEQ');
SELECT SETVAL('HORAIRES_LIVREUR_ID_SEQ', 42);
-- LIEU_FAVORI
DROP SEQUENCE IF EXISTS LIEU_FAVORI_ID_SEQ CASCADE;
CREATE SEQUENCE LIEU_FAVORI_ID_SEQ START 1;
ALTER TABLE LIEU_FAVORI
ALTER COLUMN IDLIEUFAVORI
SET DEFAULT NEXTVAL('LIEU_FAVORI_ID_SEQ');
SELECT SETVAL('LIEU_FAVORI_ID_SEQ', 20);
-- LIVREUR
DROP SEQUENCE IF EXISTS LIVREUR_ID_SEQ CASCADE;
CREATE SEQUENCE LIVREUR_ID_SEQ START 1;
ALTER TABLE LIVREUR
ALTER COLUMN IDLIVREUR
SET DEFAULT NEXTVAL('LIVREUR_ID_SEQ');
SELECT SETVAL('LIVREUR_ID_SEQ', 21);
-- OTP
DROP SEQUENCE IF EXISTS OTP_ID_SEQ CASCADE;
CREATE SEQUENCE OTP_ID_SEQ START 1;
ALTER TABLE OTP
ALTER COLUMN IDOTP
SET DEFAULT NEXTVAL('OTP_ID_SEQ');
-- PANIER
DROP SEQUENCE IF EXISTS PANIER_ID_SEQ CASCADE;
CREATE SEQUENCE PANIER_ID_SEQ START 1;
ALTER TABLE PANIER
ALTER COLUMN IDPANIER
SET DEFAULT NEXTVAL('PANIER_id_seq');
-- PAYS
DROP SEQUENCE IF EXISTS PAYS_ID_SEQ CASCADE;
CREATE SEQUENCE PAYS_ID_SEQ START 1;
ALTER TABLE PAYS
ALTER COLUMN IDPAYS
SET DEFAULT NEXTVAL('PAYS_id_seq');
-- PLANNING_RESERVATION
DROP SEQUENCE IF EXISTS PLANNING_RESERVATION_ID_SEQ CASCADE;
CREATE SEQUENCE PLANNING_RESERVATION_ID_SEQ START 1;
ALTER TABLE PLANNING_RESERVATION
ALTER COLUMN IDPLANNING
SET DEFAULT NEXTVAL('PLANNING_RESERVATION_id_seq');
SELECT SETVAL('PLANNING_RESERVATION_id_seq', 50);
-- PRODUIT
DROP SEQUENCE IF EXISTS PRODUIT_ID_SEQ CASCADE;
CREATE SEQUENCE PRODUIT_ID_SEQ START 1;
ALTER TABLE PRODUIT
ALTER COLUMN IDPRODUIT
SET DEFAULT NEXTVAL('PRODUIT_id_seq');
SELECT SETVAL('PRODUIT_id_seq', 155);
-- REGLEMENT_SALAIRE
DROP SEQUENCE IF EXISTS REGLEMENT_SALAIRE_ID_SEQ CASCADE;
CREATE SEQUENCE REGLEMENT_SALAIRE_ID_SEQ START 1;
ALTER TABLE REGLEMENT_SALAIRE
ALTER COLUMN IDREGLEMENT
SET DEFAULT NEXTVAL('REGLEMENT_SALAIRE_id_seq');
SELECT SETVAL('REGLEMENT_SALAIRE_id_seq', 10);
-- RESERVATION
DROP SEQUENCE IF EXISTS RESERVATION_ID_SEQ CASCADE;
CREATE SEQUENCE RESERVATION_ID_SEQ START 1;
ALTER TABLE RESERVATION
ALTER COLUMN IDRESERVATION
SET DEFAULT NEXTVAL('RESERVATION_id_seq');
SELECT SETVAL('RESERVATION_id_seq', 114);
-- RESPONSABLE_ENSEIGNE
DROP SEQUENCE IF EXISTS RESPONSABLE_ENSEIGNE_ID_SEQ CASCADE;
CREATE SEQUENCE RESPONSABLE_ENSEIGNE_ID_SEQ START 1;
ALTER TABLE RESPONSABLE_ENSEIGNE
ALTER COLUMN IDRESPONSABLE
SET DEFAULT NEXTVAL('RESPONSABLE_ENSEIGNE_ID_SEQ');
SELECT SETVAL('RESPONSABLE_ENSEIGNE_ID_SEQ', 45);
-- RESTAURATEUR
DROP SEQUENCE IF EXISTS RESTAURATEUR_ID_SEQ CASCADE;
CREATE SEQUENCE RESTAURATEUR_ID_SEQ START 1;
ALTER TABLE RESTAURATEUR
ALTER COLUMN IDRESTAURATEUR
SET DEFAULT NEXTVAL('RESTAURATEUR_ID_SEQ');
SELECT SETVAL('RESTAURATEUR_ID_SEQ', 45);
-- GESTION_ETABLISSEMENT
DROP SEQUENCE IF EXISTS GESTION_ETABLISSEMENT_ID_SEQ CASCADE;
CREATE SEQUENCE GESTION_ETABLISSEMENT_ID_SEQ START 1;
ALTER TABLE GESTION_ETABLISSEMENT
ALTER COLUMN IDGESTION
SET DEFAULT NEXTVAL('GESTION_ETABLISSEMENT_ID_SEQ');
SELECT SETVAL('GESTION_ETABLISSEMENT_ID_SEQ', 45);
-- TYPE_PRESTATION
DROP SEQUENCE IF EXISTS TYPE_PRESTATION_ID_SEQ CASCADE;
CREATE SEQUENCE TYPE_PRESTATION_ID_SEQ START 1;
ALTER TABLE TYPE_PRESTATION
ALTER COLUMN IDPRESTATION
SET DEFAULT NEXTVAL('TYPE_PRESTATION_id_seq');
-- CATEGORIE_PRESTATION
DROP SEQUENCE IF EXISTS CATEGORIE_PRESTATION_ID_SEQ CASCADE;
CREATE SEQUENCE CATEGORIE_PRESTATION_ID_SEQ START 1;
ALTER TABLE CATEGORIE_PRESTATION
ALTER COLUMN IDCATEGORIEPRESTATION
SET DEFAULT NEXTVAL('CATEGORIE_PRESTATION_id_seq');
-- VEHICULE
DROP SEQUENCE IF EXISTS VEHICULE_ID_SEQ CASCADE;
CREATE SEQUENCE VEHICULE_ID_SEQ START 1;
ALTER TABLE VEHICULE
ALTER COLUMN IDVEHICULE
SET DEFAULT NEXTVAL('VEHICULE_id_seq');
SELECT SETVAL('VEHICULE_id_seq', 21);
-- VELO
DROP SEQUENCE IF EXISTS VELO_ID_SEQ CASCADE;
CREATE SEQUENCE VELO_ID_SEQ START 1;
ALTER TABLE VELO
ALTER COLUMN IDVELO
SET DEFAULT NEXTVAL('VELO_id_seq');
-- VILLE
DROP SEQUENCE IF EXISTS VILLE_ID_SEQ CASCADE;
CREATE SEQUENCE VILLE_ID_SEQ START 1;
ALTER TABLE VILLE
ALTER COLUMN IDVILLE
SET DEFAULT NEXTVAL('VILLE_id_seq');
SELECT SETVAL('VILLE_id_seq', 40);
-- check_adresse_difference adresse départ ne peut pas être égal à adresse arrivée
CREATE OR REPLACE FUNCTION check_adresse_difference() RETURNS TRIGGER AS $$ BEGIN IF NEW.IDADRESSE = NEW.ADR_IDADRESSE THEN RAISE EXCEPTION 'IDADRESSE ne peut pas être égal à ADR_IDADRESSE';
END IF;
RETURN NEW;
END;
$$ LANGUAGE plpgsql;
CREATE TRIGGER trigger_check_adresse_difference BEFORE
INSERT
    OR
UPDATE ON COURSE FOR EACH ROW EXECUTE FUNCTION check_adresse_difference();
-- check_statut_update statut d'une course terminée ne peut pas être modifié
CREATE OR REPLACE FUNCTION check_statut_update() RETURNS TRIGGER AS $$ BEGIN IF OLD.STATUTCOURSE = 'Terminée' THEN IF NEW.NOTECOURSE IS DISTINCT
FROM OLD.NOTECOURSE
    OR NEW.POURBOIRE IS DISTINCT
FROM OLD.POURBOIRE THEN RETURN NEW;
END IF;
RAISE EXCEPTION 'Le statut d''une course terminée ne peut pas être modifié, sauf pour la note et le pourboire.';
END IF;
RETURN NEW;
END;
$$ LANGUAGE plpgsql;
-- empecher_modif empêche l'insertion, la suppression et la modification de la table departement
CREATE OR REPLACE FUNCTION empecher_modif() RETURNS trigger AS $$ BEGIN RAISE EXCEPTION 'Impossible de modifier les données des départements !';
END;
$$ LANGUAGE plpgsql;
CREATE OR REPLACE TRIGGER bf_del_upd_departement BEFORE
UPDATE
    OR DELETE ON departement EXECUTE PROCEDURE empecher_modif();
-- empeche_doublons_adresse empêche l'insertion des adresses en doubles
CREATE OR REPLACE FUNCTION soundex(text) RETURNS text AS $$
DECLARE txt text;
BEGIN
SELECT INTO txt translate($1, 'aeiouyhw', 'aaaaaaww');
RETURN substring(
    txt
    FROM 1 FOR 4
);
END;
$$ LANGUAGE plpgsql IMMUTABLE;
